title,url,video_id,tier,top
"$NOT - Mean ft. Flo Milli",https://www.youtube.com/watch?v=NGYHET-PsMk,NGYHET-PsMk,Diamond,0
"$NOT - Whipski ft. Lil Skies",https://www.youtube.com/watch?v=4rRynnDPnfA,4rRynnDPnfA,Diamond,0
"2 Chainz - I'm Not Crazy Life Is ft Kodak Black",https://www.youtube.com/watch?v=JzL3Qy9Fhz0,JzL3Qy9Fhz0,Diamond,0
"2 Chainz - Money Maker ft. Lil Wayne",https://www.youtube.com/watch?v=vc23AgToYdo,vc23AgToYdo,Diamond,0
"2 Chainz - Rule The World ft Ariana Grande",https://www.youtube.com/watch?v=yYrViPN_Xu8,yYrViPN_Xu8,Diamond,0
"21 Savage - all of me",https://www.youtube.com/watch?v=MMBTOzQ7kkU,MMBTOzQ7kkU,Diamond,0
"21 Savage - Ball w/o You",https://www.youtube.com/watch?v=1tT7LNTp0NQ,1tT7LNTp0NQ,Diamond,0
"21 Savage - Big Smoke",https://www.youtube.com/watch?v=CO1tiLsevPc,CO1tiLsevPc,Diamond,0
"21 Savage - No Debate",https://www.youtube.com/watch?v=hgIA6GaUrgY,hgIA6GaUrgY,Diamond,0
"21 Savage - redrum",https://www.youtube.com/watch?v=PBQbcKUKzH4,PBQbcKUKzH4,Diamond,0
"21 Savage & Doja Cat - n.h.i.e.",https://www.youtube.com/watch?v=-Q-ZTdKC7Dg,-Q-ZTdKC7Dg,Diamond,6
"21 Savage & Metro Boomin - Mr. Right Now",https://www.youtube.com/watch?v=hK2AkUPo0-0,hK2AkUPo0-0,Diamond,0
"21 Savage, Travis Scott & Metro Boomin - nГ©e-nah",https://www.youtube.com/watch?v=h47jgQv_an4,h47jgQv_an4,Diamond,0
"24kGoldn - Mood ft. Iann Dior",https://www.youtube.com/watch?v=fopTxoCKP8g,fopTxoCKP8g,Diamond,0
"24kGoldn, Lil Tecca - Prada",https://www.youtube.com/watch?v=5mj4ntfLd9A,5mj4ntfLd9A,Diamond,0
"50 Cent - Part of the Game ft. NLE Choppa & Rileyy Lanez",https://www.youtube.com/watch?v=OPTCl7T_z6I,OPTCl7T_z6I,Diamond,0
"6ix9ine -  Shaka Laka ft. Kodak Black & Yailin la Mas Viral",https://www.youtube.com/watch?v=HlwJyMRVHiM,hlwJyMRVHiM,Diamond,0
"6ix9ine - AVA",https://www.youtube.com/watch?v=NQLJMA1f10w,NQLJMA1f10w,Diamond,0
"6ix9ine - Bori ft. Lenier",https://www.youtube.com/watch?v=GM0nlyd0hiY,GM0nlyd0hiY,Diamond,0
"6ix9ine - FAX",https://www.youtube.com/watch?v=SDbS2BxBpNk,SDbS2BxBpNk,Gold,0
"6ix9ine - GINE",https://www.youtube.com/watch?v=OjFS5Pu7uAY,OjFS5Pu7uAY,Diamond,0
"6ix9ine - GOOBA",https://www.youtube.com/watch?v=e3CBCMjK66o,e3CBCMjK66o,Diamond,0
"6ix9ine - PUNANI",https://www.youtube.com/watch?v=KGNtv7NERNc,KGNtv7NERNc,Diamond,0
"6ix9ine - Respuesta ft. Lenier (Instrumental) +  FLP",https://www.youtube.com/watch?v=WM5Ae5PNWCI,WM5Ae5PNWCI,Diamond,0
"6ix9ine - TUTU",https://www.youtube.com/watch?v=o7NYfaF4F0k,o7NYfaF4F0k,Diamond,0
"6ix9ine - WASSUP",https://www.youtube.com/watch?v=WSU4BQ30zx0,WSU4BQ30zx0,Diamond,0
"6ix9ine - YAYA",https://www.youtube.com/watch?v=AB8i1EoXxD4,AB8i1EoXxD4,Diamond,0
"6ix9ine - ZAZA",https://www.youtube.com/watch?v=j2tr3XfP2nU,j2tr3XfP2nU,Diamond,0
"6ix9ine & Nicki Minaj - TROLLZ",https://www.youtube.com/watch?v=sA0POUZ-IXQ,sA0POUZ-IXQ,Diamond,0
"6ix9ine & Nicki Minaj Type Beat - TROLLZ",https://www.youtube.com/watch?v=21eYVcSpC04,21eYVcSpC04,Diamond,0
"6ix9ine Type Beat - Sad YAYA",https://www.youtube.com/watch?v=PAPbhRJAdOw,PAPbhRJAdOw,Diamond,0
"6ix9ine Type Beat - TUTU",https://www.youtube.com/watch?v=O_v0uEUuzcM,O_v0uEUuzcM,Diamond,0
"6ix9ine Type Beat - ZAZA",https://www.youtube.com/watch?v=g01WJwKwg8s,g01WJwKwg8s,Diamond,0
"6LACK - Talkback",https://www.youtube.com/watch?v=0vhsAYBKhU4,0vhsAYBKhU4,Diamond,0
"A Boogie wit da Hoodie - Bleed",https://www.youtube.com/watch?v=cVP6_t9muEU,cVP6_t9muEU,Diamond,0
"A Boogie wit da Hoodie - Hit Different ft. B-Lovee",https://www.youtube.com/watch?v=rPrNf_qRLM8,rPrNf_qRLM8,Diamond,0
"A Boogie wit da Hoodie - Numbers ft. Roddy Ricch & Gunna",https://www.youtube.com/watch?v=GEa6K0uyDIg,GEa6K0uyDIg,Diamond,0
"A Boogie wit da Hoodie - Reply ft. Lil Uzi Vert",https://www.youtube.com/watch?v=ZHM-sjd63ko,ZHM-sjd63ko,Diamond,0
"A Boogie wit da Hoodie Type Beat - BLEED",https://www.youtube.com/watch?v=Pum9Eh9BLjU,Pum9Eh9BLjU,Diamond,0
"A Simple Piano Trap Beat in FL Studio",https://www.youtube.com/watch?v=FU0A3AU7Q30,FU0A3AU7Q30,Diamond,0
"A$AP Rocky - Babushka Boi",https://www.youtube.com/watch?v=5DSfNOXxjIY,5DSfNOXxjIY,Diamond,0
"A$AP Rocky - RIOT",https://www.youtube.com/watch?v=-liRvJrqj_0,-liRvJrqj_0,Diamond,0
"A$AP Rocky - Tailor Swif",https://www.youtube.com/watch?v=avHeplJxqvA,avHeplJxqvA,Diamond,0
"Adele - Easy On Me",https://www.youtube.com/watch?v=ZhcAHxlL6DU,ZhcAHxlL6DU,Diamond,0
"Anitta & Ludmilla ft. Snoop Dogg - Onda Diferente",https://www.youtube.com/watch?v=wppZtESDbPg,wppZtESDbPg,Diamond,0
"Anne-Marie & KSI & Digital Farm Animals - Don't Play",https://www.youtube.com/watch?v=KUhWBuja04U,KUhWBuja04U,Diamond,0
"Anuel AA - Somos O No Somos",https://www.youtube.com/watch?v=B5uovIconQU,B5uovIconQU,Diamond,0
"Anuel AA, Daddy Yankee, Karol G, Ozuna & J Balvin - China",https://www.youtube.com/watch?v=zCPPTL3g68E,zCPPTL3g68E,Diamond,0
"Ari Lennox - BMO",https://www.youtube.com/watch?v=6aowDo3o_ys,6aowDo3o_ys,Diamond,0
"Ariana Grande - 34+35",https://www.youtube.com/watch?v=Edz7kWrdzMU,Edz7kWrdzMU,Diamond,15
"Ariana Grande - 7 rings",https://www.youtube.com/watch?v=QvpSADo4W7A,QvpSADo4W7A,Diamond,0
"Ariana Grande - Break up with your girlfriend",https://www.youtube.com/watch?v=jWZNt0oo1BA,jWZNt0oo1BA,Diamond,0
"Ariana Grande - Motive ft. Doja Cat",https://www.youtube.com/watch?v=JGbHnLFchhA,JGbHnLFchhA,Diamond,0
"Ariana Grande - Positions",https://www.youtube.com/watch?v=LBm69EhNmiU,LBm69EhNmiU,Diamond,0
"Ariana Grande - pov",https://www.youtube.com/watch?v=Jfh0Gmkdlro,Jfh0Gmkdlro,Diamond,0
"Ariana Grande - Test Drive",https://www.youtube.com/watch?v=R6oYfOkaob0,R6oYfOkaob0,Diamond,0
"Ariana Grande - Thank you next",https://www.youtube.com/watch?v=KQya3uA-SNQ,KQya3uA-SNQ,Diamond,0
"Ariana Grande & Justin Bieber - Stuck with U",https://www.youtube.com/watch?v=wf0HypEhvQI,wf0HypEhvQI,Diamond,0
"Ariana Grande & Miley Cyrus & Lana Del Rey - Don't Call Me Angel",https://www.youtube.com/watch?v=KUHFQ7zCYlw,KUHFQ7zCYlw,Diamond,0
"Ariana Grande & Social House - Boyfriend",https://www.youtube.com/watch?v=OiC1KMy07Is,OiC1KMy07Is,Diamond,0
"Ariana Grande & The Weeknd - Off the table",https://www.youtube.com/watch?v=UcECLvPNyME,UcECLvPNyME,Diamond,0
"Arizona Zervas - Roxanne",https://www.youtube.com/watch?v=uD_4a6GsuOg,uD_4a6GsuOg,Diamond,0
"ArrDee - Oliver Twist",https://www.youtube.com/watch?v=z4QoxR9VXi0,z4QoxR9VXi0,Diamond,0
"Aya Nakamura - 40%",https://www.youtube.com/watch?v=qgQdzfy40XA,qgQdzfy40XA,Diamond,0
"Baby Keem - Issues",https://www.youtube.com/watch?v=j726YiIC3WM,j726YiIC3WM,Diamond,0
"Baby Keem, Kendrick Lamar - Family Ties",https://www.youtube.com/watch?v=ZYCC6E5srto,ZYCC6E5srto,Diamond,10
"BabySantana & KA$HDAMI - 14",https://www.youtube.com/watch?v=7hHkozAn2pg,7hHkozAn2pg,Diamond,0
"Bad Bunny - Haciendo Que Me Amas 2020",https://www.youtube.com/watch?v=sAutj83a-Co,sAutj83a-Co,Diamond,0
"Bad Bunny - Quien Tu Eres",https://www.youtube.com/watch?v=_faaYJZrRW4,_faaYJZrRW4,Diamond,0
"Banger Type Beat - March",https://www.youtube.com/watch?v=DMnMUHrJmfs,DMnMUHrJmfs,Diamond,0
"Bas - The Jackie ft. J. Cole & Lil Tjay",https://www.youtube.com/watch?v=HEPg7TfNGZY,hEPg7TfNGZY,Diamond,0
"Bass Trap Type Beat - Earbleed",https://www.youtube.com/watch?v=0R3fvvuep58,0R3fvvuep58,Diamond,0
"Bebe Rex - Baby, I'm Jealous ft. Doja Cat",https://www.youtube.com/watch?v=M_KlAKFREcI,M_KlAKFREcI,Diamond,0
"Becky G - Mala Santa",https://www.youtube.com/watch?v=9jc6GjQ-7bo,9jc6GjQ-7bo,Diamond,0
"Becky G - NO TE PERTENEZCO",https://www.youtube.com/watch?v=bwSs7X-cSIk,bwSs7X-cSIk,Diamond,0
"Bella Poarch - Build a B*tch",https://www.youtube.com/watch?v=lwgQkwy9HqE,lwgQkwy9HqE,Diamond,0
"Belly - Requiem ft. NAV",https://www.youtube.com/watch?v=00X89oUv4Cs,00X89oUv4Cs,Diamond,0
"Belly, The Weeknd - Die For It ft. Nas",https://www.youtube.com/watch?v=VclcIgd8L40,VclcIgd8L40,Diamond,0
"Beyonce ft. Shatta Wale & Major Lazer - Already",https://www.youtube.com/watch?v=r3TZwJR91Ig,r3TZwJR91Ig,Diamond,0
"Bhad Bhabie - Babyface Savage ft Tory Lanez",https://www.youtube.com/watch?v=s1MnF73fR8s,s1MnF73fR8s,Diamond,0
"Bhad Bhabie - Ms. Whitman",https://www.youtube.com/watch?v=V0JGhvN88pI,V0JGhvN88pI,Diamond,0
"Bhad Bhabie - OG CRASHOUT",https://www.youtube.com/watch?v=bmoJV3xidPU,bmoJV3xidPU,Diamond,0
"Big Scarr - Joe Dirt",https://www.youtube.com/watch?v=C8-dHM6R5lY,C8-dHM6R5lY,Diamond,0
"Big Scarr - Toe Tag ft. Key Glock",https://www.youtube.com/watch?v=akGvb9STRxA,akGvb9STRxA,Diamond,0
"Big Sean - Body Language ft. Jhene Aiko & Ty Dolla $ign",https://www.youtube.com/watch?v=TBAHOowLelk,TBAHOowLelk,Diamond,0
"Big Sean - Deep Reverence ft. Nipsey Hussle",https://www.youtube.com/watch?v=6BRo1t9b6u4,6BRo1t9b6u4,Diamond,0
"Big Sean - Lithuania ft. Travis Scott",https://www.youtube.com/watch?v=j1cmt04C_KU,j1cmt04C_KU,Diamond,0
"Big Sean - Single Again",https://www.youtube.com/watch?v=BmI9QjC8EE8,BmI9QjC8EE8,Diamond,0
"BigWalkDog - Son Of A Gun",https://www.youtube.com/watch?v=5gQI2XlQMk8,5gQI2XlQMk8,Diamond,0
"BigWalkDog - Whole Lotta Ice ft. Lil Baby & Pooh Shiesty",https://www.youtube.com/watch?v=hwFUYRWTUGI,hwFUYRWTUGI,Diamond,0
"Billie Eilish - Bad guy",https://www.youtube.com/watch?v=6r1uve0NMXE,6r1uve0NMXE,Diamond,0
"Billie Eilish - Everything I wanted",https://www.youtube.com/watch?v=43d7hS9htH0,43d7hS9htH0,Diamond,0
"Billie Eilish - Lost Cause",https://www.youtube.com/watch?v=6sW1jrbgujA,6sW1jrbgujA,Diamond,0
"Billie Eilish - My Future",https://www.youtube.com/watch?v=EaRiVFjvE9o,EaRiVFjvE9o,Diamond,0
"Billie Eilish - No Time To Die",https://www.youtube.com/watch?v=969xqlMvTg0,969xqlMvTg0,Diamond,0
"Billie Eilish - Therefore I Am",https://www.youtube.com/watch?v=Pr1jcUWt5mI,Pr1jcUWt5mI,Diamond,0
"Birdman, Roddy Ricch, Lil Wayne - STUNNAMAN",https://www.youtube.com/watch?v=b-gSzCIGk5Y,b-gSzCIGk5Y,Diamond,0
"Blac Youngsta - I'm Assuming",https://www.youtube.com/watch?v=5rmtD3LDQuo,5rmtD3LDQuo,Diamond,0
"Blac Youngsta - Pretty Dime",https://www.youtube.com/watch?v=uzskfj6_Sko,uzskfj6_Sko,Diamond,0
"BLACKPINK - Lovesick Girls",https://www.youtube.com/watch?v=0ob0Inq_Y_0,0ob0Inq_Y_0,Diamond,0
"Blueface - Baby Momma Drama",https://www.youtube.com/watch?v=u_9Vsnw-IIA,u_9Vsnw-IIA,Diamond,0
"Blueface - Bussdown ft Offset",https://www.youtube.com/watch?v=H1z-OS5jtps,h1z-OS5jtps,Diamond,0
"Blueface - Dear Rock ft. ChriseanRock",https://www.youtube.com/watch?v=t8imjb-1gQ4,t8imjb-1gQ4,Diamond,0
"Blueface - Hello",https://www.youtube.com/watch?v=Gnk39I3VG9M,Gnk39I3VG9M,Diamond,0
"Blueface & Blxst - Chose Me",https://www.youtube.com/watch?v=w3qsYV2oelY,w3qsYV2oelY,Diamond,0
"Blueface & DaBaby - Obama",https://www.youtube.com/watch?v=9a_77-AmRBk,9a_77-AmRBk,Diamond,0
"Blueface & NLE Choppa - Holy Moly",https://www.youtube.com/watch?v=dU6WDrKnQnY,dU6WDrKnQnY,Diamond,0
"Brent Faiyaz & Drake - Wasting Time",https://www.youtube.com/watch?v=VqYj_tqHMOc,VqYj_tqHMOc,Diamond,12
"BRS Kash - Throat Baby ft. DaBaby & City Girls",https://www.youtube.com/watch?v=_O18BMT4cXU,_O18BMT4cXU,Diamond,0
"Bruno Mars, Anderson .Paak, Silk Sonic - Leave the Door Open",https://www.youtube.com/watch?v=jE_fL2P4Vy4,jE_fL2P4Vy4,Diamond,0
"Bruno Mars, Anderson .Paak, Silk Sonic - Smokin Out The Window",https://www.youtube.com/watch?v=VYp-nxha4F0,VYp-nxha4F0,Diamond,0
"Bryson Tiller - Always Forever",https://www.youtube.com/watch?v=yKFriGQZ0lQ,yKFriGQZ0lQ,Diamond,0
"Bryson Tiller - Don't",https://www.youtube.com/watch?v=Uv5Xu6ONx2I,Uv5Xu6ONx2I,Diamond,16
"Bryson Tiller - Outta Time ft. Drake",https://www.youtube.com/watch?v=fpwQhohPHHA,fpwQhohPHHA,Diamond,0
"Bushido - Ronin",https://www.youtube.com/watch?v=ycLSTHRagws,ycLSTHRagws,Diamond,0
"Busta Rhymes - Boomp!",https://www.youtube.com/watch?v=Xo6Vbnvccw8,Xo6Vbnvccw8,Diamond,0
"Busta Rhymes - Where I Belong ft. Mariah Carey",https://www.youtube.com/watch?v=kxv-fqcvO8w,kxv-fqcvO8w,Diamond,0
"Calvin Harris & The Weeknd - Over Now",https://www.youtube.com/watch?v=wkK4gGv7TEs,wkK4gGv7TEs,Diamond,0
"Camila Cabello - Easy",https://www.youtube.com/watch?v=g6Pn0FgHAkA,g6Pn0FgHAkA,Diamond,0
"Capital Bra - Komm Komm",https://www.youtube.com/watch?v=sNyz_DCzIuo,sNyz_DCzIuo,Diamond,0
"Cardi B - Imaginary Playerz",https://www.youtube.com/watch?v=NyvTh0vXAQI,NyvTh0vXAQI,Gold,0
"Cardi B - Like What Freestyle",https://www.youtube.com/watch?v=YEFE5R79lJg,YEFE5R79lJg,Diamond,0
"Cardi B - Magnet",https://www.youtube.com/watch?v=zdDpGQPEPgc,zdDpGQPEPgc,Gold,0
"Cardi B - Up",https://www.youtube.com/watch?v=BU9BNQbv_M0,BU9BNQbv_M0,Diamond,0
"Cardi B & Bruno Mars - Please Me",https://www.youtube.com/watch?v=PE9jmuvcCo4,PE9jmuvcCo4,Diamond,0
"Cardi B & Megan Thee Stallion - WAP",https://www.youtube.com/watch?v=N-_DTw1JTyY,N-_DTw1JTyY,Diamond,0
"Cardi B Type Beat - WAP",https://www.youtube.com/watch?v=UBg2TxHNX-0,UBg2TxHNX-0,Diamond,0
"Central Cee - Cold Shoulder",https://www.youtube.com/watch?v=TokEGONYjDQ,TokEGONYjDQ,Diamond,0
"Central Cee - Doja",https://www.youtube.com/watch?v=I1qWDaJnhLg,I1qWDaJnhLg,Diamond,0
"Central Cee - Entrapreneur",https://www.youtube.com/watch?v=f3ZfrIDtUIs,f3ZfrIDtUIs,Diamond,0
"Central Cee - Let Go",https://www.youtube.com/watch?v=m7t7_liD4W8,m7t7_liD4W8,Diamond,0
"Central Cee - LIMITLESS",https://www.youtube.com/watch?v=ot5BhZhBrJg,ot5BhZhBrJg,Diamond,0
"Central Cee - Me and You",https://www.youtube.com/watch?v=4YvERLy_c2E,4YvERLy_c2E,Diamond,0
"Central Cee - No Introduction",https://www.youtube.com/watch?v=S01pnrB0Sjw,S01pnrB0Sjw,Diamond,0
"Central Cee - Obsessed With You",https://www.youtube.com/watch?v=-B4fs1xPdyw,-B4fs1xPdyw,Diamond,0
"Central Cee & Dave - Our 25th Birthday",https://www.youtube.com/watch?v=UKt9qX_D1kk,UKt9qX_D1kk,Diamond,0
"Central Cee & Dave - Sprinter",https://www.youtube.com/watch?v=dogByTTVQdg,dogByTTVQdg,Diamond,0
"Chief Keef & Lil Yachty - Say Ya Grace",https://www.youtube.com/watch?v=OUFSBAMQaw0,OUFSBAMQaw0,Diamond,0
"Childish Gambino - 12.38 ft. 21 Savage",https://www.youtube.com/watch?v=bNgD0FYh-o0,bNgD0FYh-o0,Diamond,18
"Childish Gambino - Feels like summer",https://www.youtube.com/watch?v=Ka9qh4aflWc,Ka9qh4aflWc,Diamond,0
"Childish Gambino Type Beat - Sunshine Stories",https://www.youtube.com/watch?v=jevhJ_aUXSs,jevhJ_aUXSs,Diamond,0
"Chill Type Beat - Phenomenon",https://www.youtube.com/watch?v=4mns1B-Spqk,4mns1B-Spqk,Diamond,0
"Chloe - Pray It Away",https://www.youtube.com/watch?v=q5QVpaXJoT4,q5QVpaXJoT4,Diamond,0
"Chris Brown - Call Me Every Day ft. WizKid",https://www.youtube.com/watch?v=IC9QBua5X1s,IC9QBua5X1s,Diamond,0
"Chris Brown - Nightmares ft Byron Messia",https://www.youtube.com/watch?v=3A8KsNaRRFU,3A8KsNaRRFU,Diamond,0
"Chris Brown - No Guidance ft Drake",https://www.youtube.com/watch?v=sbWuHooEzLo,sbWuHooEzLo,Diamond,0
"Chris Brown - Sensational ft. Davido, Lojay",https://www.youtube.com/watch?v=BM2-7bktcVA,BM2-7bktcVA,Diamond,0
"Chris Brown - Undecided",https://www.youtube.com/watch?v=5qUy4ppAT3Q,5qUy4ppAT3Q,Diamond,0
"Christmas Trap Type Beat - Santa Style",https://www.youtube.com/watch?v=z0-SCnF4Soc,z0-SCnF4Soc,Diamond,0
"Ciara - Greatest Love",https://www.youtube.com/watch?v=evS7Fnw0vGU,evS7Fnw0vGU,Diamond,0
"Ciara - Thinkin bout you",https://www.youtube.com/watch?v=aRCkDfaGS54,aRCkDfaGS54,Diamond,0
"Ciara & Chris Brown - How We Roll",https://www.youtube.com/watch?v=ibHiYpMUatI,ibHiYpMUatI,Diamond,0
"CJ - Whoopty",https://www.youtube.com/watch?v=iv1dnifT_NU,iv1dnifT_NU,Diamond,0
"Clipse - So Be It",https://www.youtube.com/watch?v=2qDIFYK4A74,2qDIFYK4A74,Diamond,0
"Cochise - Tell Em ft. $NOT",https://www.youtube.com/watch?v=Z6CuYfH0Rck,Z6CuYfH0Rck,Diamond,0
"Cordae - Make Up Your Mind",https://www.youtube.com/watch?v=z_y0KtOAFzA,z_y0KtOAFzA,Diamond,0
"DaBaby - Find My Way",https://www.youtube.com/watch?v=WboPfdw0cYU,WboPfdw0cYU,Diamond,0
"DaBaby - GOSPEL ft. Chance the Rapper, Gucci Mane",https://www.youtube.com/watch?v=le0c08htr0U,le0c08htr0U,Diamond,0
"DaBaby - LEVELS ft. Kodak Black",https://www.youtube.com/watch?v=RKddArH4qes,RKddArH4qes,Diamond,0
"DaBaby - Masterpiece",https://www.youtube.com/watch?v=00SyU3U6ZOM,00SyU3U6ZOM,Diamond,0
"DaBaby - More Money More Problems 2020",https://www.youtube.com/watch?v=eh_E5I4ZPAc,eh_E5I4ZPAc,Diamond,0
"DaBaby - PEEPHOLE",https://www.youtube.com/watch?v=Da2faXLenbA,Da2faXLenbA,Diamond,0
"DaBaby - Red Light Green Light",https://www.youtube.com/watch?v=xLO7p0oALWo,xLO7p0oALWo,Diamond,0
"DaBaby - Rockstar ft. Roddy Ricch",https://www.youtube.com/watch?v=CmOK8lGRtsI,CmOK8lGRtsI,Diamond,0
"DaBaby - Shut Up",https://www.youtube.com/watch?v=laF-jRAEtVo,laF-jRAEtVo,Diamond,0
"DaBaby - SOCKS",https://www.youtube.com/watch?v=89JSEvtTJik,89JSEvtTJik,Diamond,0
"DaBaby - Vibez",https://www.youtube.com/watch?v=WAZUoccDTIU,WAZUoccDTIU,Diamond,0
"Dababy & Stunna 4 Vegas - No Dribble",https://www.youtube.com/watch?v=9hjYDZwQ32s,9hjYDZwQ32s,Diamond,0
"Daddy Yankee & Sech - Definitivamente",https://www.youtube.com/watch?v=66mEGww10bU,66mEGww10bU,Diamond,0
"Dax - Black lives matter",https://www.youtube.com/watch?v=7w4fxCCi7ek,7w4fxCCi7ek,Diamond,0
"Dax - Did it First",https://www.youtube.com/watch?v=9sHklxFZByY,9sHklxFZByY,Diamond,0
"Dax - Grinch 2020",https://www.youtube.com/watch?v=I1_CI-cRR2g,I1_CI-cRR2g,Diamond,0
"Dax - I don't want another sorry ft. Trippie Redd",https://www.youtube.com/watch?v=XSiGyzYbGRQ,XSiGyzYbGRQ,Diamond,0
"Dax - Joker",https://www.youtube.com/watch?v=86WDi1PG5GY,86WDi1PG5GY,Diamond,0
"Dax - Propaganda ft. Tom MacDonald",https://www.youtube.com/watch?v=ZRgPYAZ2j_Q,ZRgPYAZ2j_Q,Diamond,0
"Dax - Soldier ft. Tom MacDonald",https://www.youtube.com/watch?v=vgzgNZIbD98,vgzgNZIbD98,Diamond,0
"Dax & Tech N9ne - FASTER",https://www.youtube.com/watch?v=OzeoVwoHAKM,OzeoVwoHAKM,Diamond,0
"Dax & Tech N9ne Type Beat - FASTER",https://www.youtube.com/watch?v=6wj0CeJ5eAw,6wj0CeJ5eAw,Diamond,0
"DD Osama - OHHH NOO",https://www.youtube.com/watch?v=m8amqR7IVj4,m8amqR7IVj4,Diamond,0
"DD Osama - Upnow ft. Coi Leray",https://www.youtube.com/watch?v=QFW6Xj_8YwY,QFW6Xj_8YwY,Diamond,0
"DD Osama - Who I Am",https://www.youtube.com/watch?v=7P41MUQYpXI,7P41MUQYpXI,Diamond,0
"DDG - 9 Lives ft. Polo G & NLE Choppa",https://www.youtube.com/watch?v=ieHxfgi7pjw,ieHxfgi7pjw,Diamond,0
"DDG - Elon Musk ft. Gunna",https://www.youtube.com/watch?v=pEXD--Q_60c,pEXD--Q_60c,Diamond,0
"DDG - HANDS UP!",https://www.youtube.com/watch?v=9wV2FAAs4Mk,9wV2FAAs4Mk,Diamond,0
"DDG - No Kizzy ft. Paidway T.O",https://www.youtube.com/watch?v=un27KrSRuN4,un27KrSRuN4,Diamond,0
"DDG x OG Parker - Hood Melody ft. NBA YoungBoy",https://www.youtube.com/watch?v=2wL21KjBhO0,2wL21KjBhO0,Diamond,0
"DDG x OG Parker - I Need Security",https://www.youtube.com/watch?v=GwPq3gNUV7Q,GwPq3gNUV7Q,Diamond,0
"DDG x OG Parker - Money Long ft. 42 Dugg",https://www.youtube.com/watch?v=C1E1Iq2FLbY,C1E1Iq2FLbY,Diamond,0
"DESIIGNER - Letter To Ye",https://www.youtube.com/watch?v=GDM0bCRkHao,GDM0bCRkHao,Diamond,0
"Diddy - Another One of Me ft. The Weeknd, 21 Savage, French Montana",https://www.youtube.com/watch?v=tZ8YmFkE2qo,tZ8YmFkE2qo,Diamond,0
"Dixie D'Amelio - Be Happy ft. blackbear & Lil Mosey",https://www.youtube.com/watch?v=c1w4E01c7tE,c1w4E01c7tE,Diamond,0
"DJ K.i.D & DDG - Tony Montana 2020",https://www.youtube.com/watch?v=Lb0CzcoxKHk,Lb0CzcoxKHk,Diamond,0
"DJ Khaled - FAM GOOD, WE GOOD ft. Gunna, Roddy Ricch",https://www.youtube.com/watch?v=7KpvKu3qrKU,7KpvKu3qrKU,Diamond,0
"DJ Khaled - GOD DID ft. Rick Ross, Lil Wayne, Jay-Z",https://www.youtube.com/watch?v=ThPfavLREcw,ThPfavLREcw,Diamond,0
"DJ Khaled - Juice WRLD DID ft. Juice WRLD",https://www.youtube.com/watch?v=hqHcssPA_zc,hqHcssPA_zc,Diamond,0
"DJ Khaled ft. Drake - Greece",https://www.youtube.com/watch?v=z1Fn7EFRACQ,z1Fn7EFRACQ,Diamond,0
"DJ Khaled ft. Drake - Popstar",https://www.youtube.com/watch?v=amRoy20ziJ8,amRoy20ziJ8,Diamond,0
"DJ Khaled ft. Drake & Lil Baby - Staying Alive",https://www.youtube.com/watch?v=Ys_wGwgoNxQ,Ys_wGwgoNxQ,Diamond,0
"DJ Khaled ft. Nas & JAY-Z - Sorry Not Sorry",https://www.youtube.com/watch?v=4hc3giEpcxw,4hc3giEpcxw,Diamond,0
"DJ Scheme & Juice WRLD - Buck 50",https://www.youtube.com/watch?v=39h9GwfVcuc,39h9GwfVcuc,Diamond,0
"DJ Snake & Sean Paul & Anitta - Fuego",https://www.youtube.com/watch?v=1Cgx5Z0MuPg,1Cgx5Z0MuPg,Diamond,0
"Doja Cat - Ain't Shit",https://www.youtube.com/watch?v=G4OXKTxKLAg,G4OXKTxKLAg,Diamond,0
"Doja Cat - Attention",https://www.youtube.com/watch?v=h3EyRU2GioI,h3EyRU2GioI,Diamond,0
"Doja Cat - Balut",https://www.youtube.com/watch?v=KIvmOK3ZPe4,KIvmOK3ZPe4,Diamond,0
"Doja Cat - Demons",https://www.youtube.com/watch?v=LPIWkTCG4Qk,LPIWkTCG4Qk,Diamond,0
"Doja Cat - Gorgeous",https://www.youtube.com/watch?v=LtggjJf5SP4,LtggjJf5SP4,Gold,0
"Doja Cat - I Don't Do Drugs ft. Ariana Grande",https://www.youtube.com/watch?v=h2mQuQxLIVY,h2mQuQxLIVY,Diamond,0
"Doja Cat - Kiss Me More ft. SZA",https://www.youtube.com/watch?v=vyaElHxJ1I4,vyaElHxJ1I4,Diamond,0
"Doja Cat - Like That ft. Gucci Mane",https://www.youtube.com/watch?v=CWHtRDJlCfM,CWHtRDJlCfM,Diamond,0
"Doja Cat - Need To Know",https://www.youtube.com/watch?v=BsvD2VDx9Dw,BsvD2VDx9Dw,Diamond,0
"Doja Cat - Paint The Town Red",https://www.youtube.com/watch?v=_-WXys-oye4,_-WXys-oye4,Diamond,0
"Doja Cat - Rules",https://www.youtube.com/watch?v=GnTL0vJoaEI,GnTL0vJoaEI,Diamond,0
"Doja Cat - Say So",https://www.youtube.com/watch?v=gWbhVZoNwmw,gWbhVZoNwmw,Diamond,0
"Doja Cat - Streets",https://www.youtube.com/watch?v=XLhKSSnoWkM,XLhKSSnoWkM,Diamond,14
"Doja Cat - Woman",https://www.youtube.com/watch?v=WU-LPVzNCSI,WU-LPVzNCSI,Diamond,0
"Doja Cat & Gucci Mane Type Beat - LIKE THAT",https://www.youtube.com/watch?v=w8AurbmEA44,w8AurbmEA44,Diamond,0
"Doja Cat & The Weeknd - You Right",https://www.youtube.com/watch?v=zJQpOMC_nA4,zJQpOMC_nA4,Diamond,0
"Doja Cat Type Beat - No Drama",https://www.youtube.com/watch?v=gaigYP8T35Y,gaigYP8T35Y,Diamond,0
"Doja Cat Type Beat - Streets",https://www.youtube.com/watch?v=gUTvqxt77UE,gUTvqxt77UE,Diamond,0
"Don Toliver - Embarrassed ft. Travis Scott",https://www.youtube.com/watch?v=Mz_g4sr_jA0,Mz_g4sr_jA0,Diamond,0
"Don Toliver - Flocky Flocky ft. Travis Scott",https://www.youtube.com/watch?v=42pb6j3xUx0,42pb6j3xUx0,Diamond,0
"Don Toliver - FWU",https://www.youtube.com/watch?v=LCL35ZHic2w,LCL35ZHic2w,Diamond,0
"Don Toliver - Tiramisu",https://www.youtube.com/watch?v=2NwHeGqJejg,2NwHeGqJejg,Gold,0
"Don Toliver - You ft. Travis Scott",https://www.youtube.com/watch?v=CqT_2nO0eA8,CqT_2nO0eA8,Diamond,9
"Drake - 8AM In Charlotte",https://www.youtube.com/watch?v=0m_kFc-0Rfg,0m_kFc-0Rfg,Diamond,0
"Drake - A Keeper",https://www.youtube.com/watch?v=9HOALK3Sbws,9HOALK3Sbws,Diamond,0
"Drake - Champagne Poetry Pt. 1",https://www.youtube.com/watch?v=R77AMRZ6aL8,R77AMRZ6aL8,Diamond,0
"Drake - Chicago Freestyle",https://www.youtube.com/watch?v=wvbdrNy8e-8,wvbdrNy8e-8,Diamond,0
"Drake - Desires ft. Future",https://www.youtube.com/watch?v=cQTCPdHczVQ,cQTCPdHczVQ,Diamond,0
"Drake - Evil Ways ft. J Cole",https://www.youtube.com/watch?v=dmSLngYXE44,dmSLngYXE44,Diamond,0
"Drake - Fair Trade ft. Travis Scott",https://www.youtube.com/watch?v=oOt0Icze52Y,oOt0Icze52Y,Diamond,0
"Drake - Family Matters",https://www.youtube.com/watch?v=TTQKlRqYW5Q,TTQKlRqYW5Q,Diamond,0
"Drake - First Person Shooter ft. J Cole",https://www.youtube.com/watch?v=Ss4AFZD96uk,Ss4AFZD96uk,Diamond,0
"Drake - Girls Want Girls ft. Lil Baby",https://www.youtube.com/watch?v=n0CPXYNxadc,n0CPXYNxadc,Diamond,0
"Drake - Jimmy Cooks ft. 21 Savage",https://www.youtube.com/watch?v=ZYzYEQwbVZE,ZYzYEQwbVZE,Diamond,7
"Drake - Knife Talk ft. 21 Savage, Project Pat",https://www.youtube.com/watch?v=b80ux4eSpmw,b80ux4eSpmw,Diamond,0
"Drake - Laugh Now Cry Later ft. Lil Durk",https://www.youtube.com/watch?v=Nu7pKveJC7A,Nu7pKveJC7A,Diamond,0
"Drake - Lemon Pepper Freestyle ft. Rick Ross",https://www.youtube.com/watch?v=4hfJW6hLeMw,4hfJW6hLeMw,Diamond,0
"Drake - Not You Too ft. Chris Brown",https://www.youtube.com/watch?v=7ZdkJGZs1a8,7ZdkJGZs1a8,Diamond,0
"Drake - Pain 1993 ft. Playboi Carti",https://www.youtube.com/watch?v=rSDlKosF5w8,rSDlKosF5w8,Diamond,0
"Drake - Papi's Home",https://www.youtube.com/watch?v=GSO05vXvml8,GSO05vXvml8,Diamond,0
"Drake - Push Ups",https://www.youtube.com/watch?v=x5mahyJoC4M,x5mahyJoC4M,Diamond,0
"Drake - Search & Rescue",https://www.youtube.com/watch?v=rc6UnY7Nhgc,rc6UnY7Nhgc,Diamond,0
"Drake - Toosie Slide",https://www.youtube.com/watch?v=tPFVs64CjhA,tPFVs64CjhA,Diamond,0
"Drake - War",https://www.youtube.com/watch?v=OqVIq4s3cGU,OqVIq4s3cGU,Diamond,0
"Drake - What Would Pluto Do",https://www.youtube.com/watch?v=4v4S0OpGa4s,4v4S0OpGa4s,Diamond,0
"Drake - What's Next",https://www.youtube.com/watch?v=mB-bzpfjfPI,mB-bzpfjfPI,Diamond,0
"Drake - When To Say When",https://www.youtube.com/watch?v=eOfTVfttatg,eOfTVfttatg,Diamond,0
"Drake & 21 Savage - Major Distribution",https://www.youtube.com/watch?v=KzQnTcyrsXA,KzQnTcyrsXA,Diamond,0
"Drake & 21 Savage - On BS",https://www.youtube.com/watch?v=XOQDQEFJeS0,XOQDQEFJeS0,Diamond,0
"Drake & 21 Savage - Pussy & Millions",https://www.youtube.com/watch?v=fp7pla2Zddc,fp7pla2Zddc,Diamond,0
"Drake & 21 Savage - Rich Flex",https://www.youtube.com/watch?v=zh7s_GKCfkQ,zh7s_GKCfkQ,Diamond,0
"Drake & 21 Savage - Spin Bout U",https://www.youtube.com/watch?v=F8Rg8U0noE4,F8Rg8U0noE4,Diamond,0
"Drake & PARTYNEXTDOOR - NOKIA",https://www.youtube.com/watch?v=eqrKkZTF5Jk,eqrKkZTF5Jk,Diamond,3
"Drake & SZA - Slime You Out",https://www.youtube.com/watch?v=TJYnv_LWowk,TJYnv_LWowk,Diamond,0
"Drake & Yeat - DOG HOUSE",https://www.youtube.com/watch?v=pCaGRsFFPlw,pCaGRsFFPlw,Gold,0
"Drake Type Beat - Greece",https://www.youtube.com/watch?v=PpWt2CxdNHc,PpWt2CxdNHc,Diamond,0
"Drake Type Beat - Laugh Now Cry Later",https://www.youtube.com/watch?v=dkm2zuVT0fY,dkm2zuVT0fY,Diamond,0
"Drake Type Beat - Life Is Good",https://www.youtube.com/watch?v=fUhPwpreX60,fUhPwpreX60,Diamond,0
"Drake Type Beat - Popstar",https://www.youtube.com/watch?v=3HRQrm6CVj8,3HRQrm6CVj8,Diamond,0
"Dua Lipa - Don't Start Now",https://www.youtube.com/watch?v=fEVVyGQGg4s,fEVVyGQGg4s,Diamond,0
"Dua Lipa - Physical",https://www.youtube.com/watch?v=t15RQpuZ9p8,t15RQpuZ9p8,Diamond,0
"Dua Lipa - Swan Song",https://www.youtube.com/watch?v=3SHE3zdiqnc,3SHE3zdiqnc,Diamond,0
"Ed Sheeran - 2step ft. Lil Baby",https://www.youtube.com/watch?v=F0j0e8MrmLE,F0j0e8MrmLE,Diamond,0
"Ed Sheeran & Justin Bieber - I Don't Care",https://www.youtube.com/watch?v=bbpUaiEzupY,bbpUaiEzupY,Diamond,0
"Ed Sheeran & Travis Scott - Antisocial",https://www.youtube.com/watch?v=E5L4ZdUIl6E,E5L4ZdUIl6E,Diamond,0
"Eminem - Darkness",https://www.youtube.com/watch?v=j_3Op8QfInQ,j_3Op8QfInQ,Diamond,0
"Eminem - GNAT Part 1",https://www.youtube.com/watch?v=xjLid-qji8E,xjLid-qji8E,Diamond,0
"Eminem - GNAT Part 2",https://www.youtube.com/watch?v=BE5jfmPeKFg,BE5jfmPeKFg,Diamond,0
"Eminem - GNAT Part 3",https://www.youtube.com/watch?v=0alcb70saVY,0alcb70saVY,Diamond,0
"Eminem - Godzilla ft. Juice WRLD",https://www.youtube.com/watch?v=7mYi4kMUp3g,7mYi4kMUp3g,Diamond,0
"Eminem - Houdini",https://www.youtube.com/watch?v=gxDKK8qb46E,gxDKK8qb46E,Diamond,5
"Eminem - Renaissance",https://www.youtube.com/watch?v=WaMC1uiSDPg,WaMC1uiSDPg,Diamond,0
"Eminem & 50 Cent - Is This Love",https://www.youtube.com/watch?v=DEo7hFFfw90,DEo7hFFfw90,Diamond,0
"Eminem & Snoop Dogg - From The D 2 The LBC",https://www.youtube.com/watch?v=9d932x620tI,9d932x620tI,Diamond,0
"EST Gee - Backstage Passes ft. Jack Harlow",https://www.youtube.com/watch?v=kcMz1rgtenk,kcMz1rgtenk,Diamond,0
"EST Gee - BLOW UP",https://www.youtube.com/watch?v=rKF6SyjEtZA,rKF6SyjEtZA,Diamond,0
"EST Gee - In Town ft. Lil Durk",https://www.youtube.com/watch?v=a8LpOuJllmg,a8LpOuJllmg,Diamond,0
"Fat Joe & Dre & Lil Wayne - Pullin",https://www.youtube.com/watch?v=PnjhVrCIGkQ,PnjhVrCIGkQ,Diamond,0
"Fat Joe, Cardi B, Anuel AA - YES",https://www.youtube.com/watch?v=QZbw66Filj4,QZbw66Filj4,Diamond,0
"Fat Joe, Dre - Lord Above ft. Eminem",https://www.youtube.com/watch?v=5soQP-TFU54,5soQP-TFU54,Diamond,0
"Finesse2Tymes - Humble",https://www.youtube.com/watch?v=jO3QewyiqNI,jO3QewyiqNI,Diamond,0
"Foolio - List Of Dead Opps",https://www.youtube.com/watch?v=fUkcn2XYSgw,fUkcn2XYSgw,Diamond,0
"Foolio - Stranded & Abandoned",https://www.youtube.com/watch?v=f-iGAiluVY4,f-iGAiluVY4,Diamond,0
"Fredo Bang - Bang Man",https://www.youtube.com/watch?v=P3-tlteTlqY,P3-tlteTlqY,Diamond,0
"Fredo Bang - Click Up",https://www.youtube.com/watch?v=7AGjaMV0s5o,7AGjaMV0s5o,Diamond,0
"Fredo Bang - Don't Miss",https://www.youtube.com/watch?v=RnEQj5CX0D4,RnEQj5CX0D4,Diamond,0
"Fredo Bang - Fool 4 Love",https://www.youtube.com/watch?v=Tdg03SiiJTg,Tdg03SiiJTg,Diamond,0
"Fredo Bang - Top ft. Lil Durk",https://www.youtube.com/watch?v=ZXov-oByK54,ZXov-oByK54,Diamond,0
"Freestyle Type Beat - 700",https://www.youtube.com/watch?v=YlIi1Zw8dE4,YlIi1Zw8dE4,Diamond,0
"Freestyle Type Beat - I Can't Breathe",https://www.youtube.com/watch?v=z2mIfY4T_Ro,z2mIfY4T_Ro,Diamond,0
"Freestyle Type Beat - I Got You",https://www.youtube.com/watch?v=mT9xB_aOcBk,mT9xB_aOcBk,Diamond,0
"Freestyle Type Beat - Killa Bae",https://www.youtube.com/watch?v=07PI5f1_f1A,07PI5f1_f1A,Diamond,0
"Freestyle Type Beat - Legendary",https://www.youtube.com/watch?v=Hv3v19mjWeY,hv3v19mjWeY,Diamond,0
"French Montana - Bag Season ft. Lil Tjay",https://www.youtube.com/watch?v=61EN8T86NMg,61EN8T86NMg,Diamond,0
"French Montana - Double G ft. Pop Smoke",https://www.youtube.com/watch?v=eUiHffix9FY,eUiHffix9FY,Diamond,0
"French Montana - FWMGAB",https://www.youtube.com/watch?v=vZCis8z6Bi0,vZCis8z6Bi0,Diamond,0
"French Montana - Handstand ft. Doja Cat & Saweetie",https://www.youtube.com/watch?v=K4i_Fdt_PGM,K4i_Fdt_PGM,Diamond,0
"French Montana - Hot Boy Bling ft. Jack Harlow & Lil Durk",https://www.youtube.com/watch?v=H47Vt-ceRyk,h47Vt-ceRyk,Diamond,0
"French Montana - I Don't Really Care",https://www.youtube.com/watch?v=7or8kHOhwnM,7or8kHOhwnM,Diamond,0
"French Montana - Slide ft. Blueface",https://www.youtube.com/watch?v=R573mlQqdyc,R573mlQqdyc,Diamond,0
"French Montana - Writing on the Wall ft Post Malone, Cardi B",https://www.youtube.com/watch?v=BT9kpaQGPjg,BT9kpaQGPjg,Diamond,0
"Funk Flex & King Von - Lurkin",https://www.youtube.com/watch?v=x6QCMwFdiow,x6QCMwFdiow,Diamond,0
"Future - Crushed Up",https://www.youtube.com/watch?v=AJTZdJu_1Oo,AJTZdJu_1Oo,Diamond,0
"Future - I'M ON ONE ft. Drake",https://www.youtube.com/watch?v=ESvRA9YORuM,ESvRA9YORuM,Diamond,0
"Future - Life Is Good ft. Drake",https://www.youtube.com/watch?v=nvyQU9fy7V0,nvyQU9fy7V0,Diamond,0
"Future - PLUTOSKI (FL Studio Remake +  FLP)",https://www.youtube.com/watch?v=01-TxPGOcv8,01-TxPGOcv8,Diamond,0
"Future - Solitaires ft. Travis Scott",https://www.youtube.com/watch?v=yp_VkAAMy8s,yp_VkAAMy8s,Diamond,0
"Future - Worst Day",https://www.youtube.com/watch?v=T11DEZNuzDw,T11DEZNuzDw,Diamond,0
"Future & Lil Uzi Vert - Drankin N Smokin",https://www.youtube.com/watch?v=LJcEAhgrdJ4,LJcEAhgrdJ4,Diamond,0
"Future & Lil Uzi Vert - Over Your Head 2020",https://www.youtube.com/watch?v=f2bpRSjnNLw,f2bpRSjnNLw,Diamond,0
"Future & Lil Uzi Vert - That's It",https://www.youtube.com/watch?v=Y_Ngc_3C1q8,Y_Ngc_3C1q8,Diamond,0
"Future & Metro Boomin - Like That ft. Kendrick Lamar",https://www.youtube.com/watch?v=zpS2KyzrpFc,zpS2KyzrpFc,Diamond,0
"Future & Metro Boomin - Type Shit ft. Travis Scott & Playboi Carti",https://www.youtube.com/watch?v=yF6HAM5sbTY,yF6HAM5sbTY,Diamond,0
"Future & Metro Boomin - Young Metro ft. The Weeknd",https://www.youtube.com/watch?v=HcMJfhfnk_Y,hcMJfhfnk_Y,Diamond,0
"G Herbo - Cry No More ft. Polo G & Lil Tjay",https://www.youtube.com/watch?v=WgGgvbA8D6I,WgGgvbA8D6I,Diamond,0
"G Herbo - I Don't Wanna Die",https://www.youtube.com/watch?v=4JwdRbDBR7Q,4JwdRbDBR7Q,Diamond,0
"G Herbo - Statement",https://www.youtube.com/watch?v=fFnQIP6twM4,fFnQIP6twM4,Diamond,0
"G Herbo - Went Legit",https://www.youtube.com/watch?v=f663U9pJzj8,f663U9pJzj8,Diamond,0
"G-Eazy - Demons & Angels",https://www.youtube.com/watch?v=zcvYp4oxu-A,zcvYp4oxu-A,Diamond,0
"G-Eazy - Hate The Way ft. blackbear",https://www.youtube.com/watch?v=tygQrh4sX8c,tygQrh4sX8c,Diamond,0
"G-Eazy - Provide ft. Chris Brown & Mark Morrison",https://www.youtube.com/watch?v=Ncwhiu0kCQE,Ncwhiu0kCQE,Diamond,0
"Geegun & Timati & Egor Kreed - Rolls Royce",https://www.youtube.com/watch?v=KQNNlM6Lm_Q,KQNNlM6Lm_Q,Diamond,0
"GELO - Tweaker",https://www.youtube.com/watch?v=CweEQ2VlnmE,CweEQ2VlnmE,Diamond,0
"Gesaffelstein & The Weeknd - Lost in the Fire",https://www.youtube.com/watch?v=bTNS4VbnWvI,bTNS4VbnWvI,Diamond,0
"Giveon - Heartbreak Anniversary",https://www.youtube.com/watch?v=_UrogaVFSMg,_UrogaVFSMg,Diamond,0
"GloRilla - Internet Trolls",https://www.youtube.com/watch?v=56pgJCv8zsk,56pgJCv8zsk,Diamond,0
"GloRilla - TGIF",https://www.youtube.com/watch?v=EbDnAnQsuIM,EbDnAnQsuIM,Diamond,0
"GloRilla - Typa",https://www.youtube.com/watch?v=lirwbtNRtvs,lirwbtNRtvs,Diamond,0
"GloRilla & Cardi B - Tomorrow 2",https://www.youtube.com/watch?v=7Oa3SGLoSgQ,7Oa3SGLoSgQ,Diamond,0
"GloRilla & T-Pain - I LUV HER",https://www.youtube.com/watch?v=JE2rkNRGb9g,JE2rkNRGb9g,Diamond,0
"GloRilla, Gloss Up - Wrong One ft. Tay Keith",https://www.youtube.com/watch?v=r5AIuMUg3fU,r5AIuMUg3fU,Diamond,0
"Gnar - Death Note ft Lil Skies & Craig Xen",https://www.youtube.com/watch?v=5PRsdowAxhI,5PRsdowAxhI,Diamond,0
"Gucci Mane - 06 Gucci ft. DaBaby & 21 Savage",https://www.youtube.com/watch?v=uj4z_0WqzGg,uj4z_0WqzGg,Diamond,0
"Gucci Mane - Pissy ft. Roddy Ricch & Nardo Wick",https://www.youtube.com/watch?v=yBe9-doxCHw,yBe9-doxCHw,Diamond,0
"Gucci Mane - Rumors ft. Lil Durk",https://www.youtube.com/watch?v=0C5q9sUr7z8,0C5q9sUr7z8,Diamond,0
"Gunna - 25k jacket ft. Lil Baby",https://www.youtube.com/watch?v=CndjqMCse0k,CndjqMCse0k,Diamond,0
"Gunna - Baby Birkin",https://www.youtube.com/watch?v=Xz7RVjJzs9o,Xz7RVjJzs9o,Diamond,0
"Gunna - Banking On Me",https://www.youtube.com/watch?v=a0fpWWC-pfk,a0fpWWC-pfk,Diamond,0
"Gunna - Bread & Butter",https://www.youtube.com/watch?v=YTcs17ec9Tk,YTcs17ec9Tk,Diamond,0
"Gunna - forever be mine ft. Wizkid",https://www.youtube.com/watch?v=RQfK8VikThg,RQfK8VikThg,Gold,0
"Gunna - Fukumean",https://www.youtube.com/watch?v=KJOhF8uRzbI,KJOhF8uRzbI,Diamond,0
"Gunna - GOT DAMN",https://www.youtube.com/watch?v=-qAu1Sma7iE,-qAu1Sma7iE,Diamond,0
"Gunna - How You Did That ft. Kodak Black",https://www.youtube.com/watch?v=yDGRrZEbKAs,yDGRrZEbKAs,Diamond,0
"Gunna - I was just thinking",https://www.youtube.com/watch?v=Dg0Ezq5sK8U,Dg0Ezq5sK8U,Diamond,0
"Gunna - One Call",https://www.youtube.com/watch?v=a8PmJ8GhNxI,a8PmJ8GhNxI,Diamond,0
"Gunna - P power ft. Drake",https://www.youtube.com/watch?v=X5TMgp-3Ing,X5TMgp-3Ing,Diamond,0
"Gunna - Won't Stop",https://www.youtube.com/watch?v=UN8Dgzi6btI,UN8Dgzi6btI,Gold,0
"Gunna & Chloe - You & Me",https://www.youtube.com/watch?v=mACzOgvIq70,mACzOgvIq70,Diamond,0
"Gunna & Future - Too Easy",https://www.youtube.com/watch?v=msLKU8NVeRI,msLKU8NVeRI,Diamond,0
"H.E.R. - Come Through ft. Chris Brown",https://www.youtube.com/watch?v=aO8mNg2vjpI,aO8mNg2vjpI,Diamond,0
"Halsey, SUGA, BTS - SUGA's Interlude",https://www.youtube.com/watch?v=1pMc8R-4INs,1pMc8R-4INs,Diamond,0
"Happy Type Beat - Good Vibes",https://www.youtube.com/watch?v=kmoeQZUX_AA,kmoeQZUX_AA,Diamond,0
"Hard Bass Type Beat - Jasmine",https://www.youtube.com/watch?v=V05fDsdOQ44,V05fDsdOQ44,Diamond,0
"Hard Rap Type Beat - Arabi",https://www.youtube.com/watch?v=pNJkiZTKd8k,pNJkiZTKd8k,Diamond,0
"Headie One - Aint It Different ft. AJ Tracey & Stormzy",https://www.youtube.com/watch?v=bkeXnbx0BC0,bkeXnbx0BC0,Diamond,0
"Headie One & Drake - Only You Freestyle",https://www.youtube.com/watch?v=yWj6x-eZT8Q,yWj6x-eZT8Q,Diamond,0
"Headie One & K-Trap - ANPR",https://www.youtube.com/watch?v=vx5gbg1Mvc8,vx5gbg1Mvc8,Diamond,0
"Hotboii - 9/11",https://www.youtube.com/watch?v=wVNnT-URXlg,wVNnT-URXlg,Diamond,0
"Hotboii - I Really ft. 42 Dugg & Moneybagg Yo",https://www.youtube.com/watch?v=eEuX_KV9Olo,eEuX_KV9Olo,Diamond,0
"Hotboii & Kodak Black - Record First",https://www.youtube.com/watch?v=nOkMVlLbWik,nOkMVlLbWik,Diamond,0
"Iann Dior - I Find It Hard",https://www.youtube.com/watch?v=QKhjPoAubV0,QKhjPoAubV0,Diamond,0
"iann dior - Shots in the dark ft. Trippie Redd",https://www.youtube.com/watch?v=ffPKiD3FjDA,ffPKiD3FjDA,Diamond,0
"iann dior - V12 ft. Lil Uzi Vert",https://www.youtube.com/watch?v=MOvr_hCDQLc,MOvr_hCDQLc,Diamond,0
"iann dior & Lil Baby - Prospect",https://www.youtube.com/watch?v=Tnm_kytk2tM,Tnm_kytk2tM,Diamond,0
"Ice Spice - Baddie Baddie",https://www.youtube.com/watch?v=s3qcoX5Sg_c,s3qcoX5Sg_c,Gold,0
"Ice Spice & Nicki Minaj - Princess Diana",https://www.youtube.com/watch?v=0FcioMVhypk,0FcioMVhypk,Diamond,0
"Ice Spice & Rema - Pretty Girl",https://www.youtube.com/watch?v=kGE1BZZA2Uk,kGE1BZZA2Uk,Diamond,0
"Ice Spice & Travis Scott - Oh Shhh (Insturmental) + FLP",https://www.youtube.com/watch?v=YgW5b-8q5Xo,YgW5b-8q5Xo,Diamond,0
"Iggy Azalea - Sally Walker",https://www.youtube.com/watch?v=4LEl2zSx6RM,4LEl2zSx6RM,Diamond,0
"Iggy Azalea & Alice Chater - Lola",https://www.youtube.com/watch?v=Lteu3Ihi8ck,Lteu3Ihi8ck,Diamond,0
"Iggy Azalea & Tyga - Sip It",https://www.youtube.com/watch?v=u8At4BOuhCA,u8At4BOuhCA,Diamond,0
"iKON - I'm OK",https://www.youtube.com/watch?v=eVoRI6Y7vaI,eVoRI6Y7vaI,Diamond,0
"Internet Money - His & Hers ft. Don Toliver, Lil Uzi Vert & Gunna",https://www.youtube.com/watch?v=oLcC8HoF6a8,oLcC8HoF6a8,Diamond,0
"Internet Money - JETSKI ft. Lil Mosey & Lil Tecca",https://www.youtube.com/watch?v=sLtItf5km3s,sLtItf5km3s,Diamond,0
"Internet Money - Lemonade ft. Don Toliver, Gunna & Nav",https://www.youtube.com/watch?v=0ezcUWD_I8A,0ezcUWD_I8A,Diamond,0
"Internet Money & NBA Youngboy - Flossin",https://www.youtube.com/watch?v=DZNR9iX_5_g,DZNR9iX_5_g,Diamond,0
"J. Balvin & Dua Lipa, Bad Bunny, Tainy - UN DIA",https://www.youtube.com/watch?v=1eMSym66ucM,1eMSym66ucM,Diamond,0
"J. Cole - 1 0 0 . m i l feat. Bas",https://www.youtube.com/watch?v=cbLq1r2yIDc,cbLq1r2yIDc,Diamond,13
"J. Cole - 7 Minute Drill",https://www.youtube.com/watch?v=CgA5lwbbaKs,CgA5lwbbaKs,Diamond,0
"J. Cole - a m a r i",https://www.youtube.com/watch?v=wEkiAYCsQ4A,wEkiAYCsQ4A,Diamond,0
"J. Cole - Crocodile Tearz",https://www.youtube.com/watch?v=N6dNJ4nwW7c,N6dNJ4nwW7c,Diamond,0
"J. Cole - Heaven's EP",https://www.youtube.com/watch?v=o8pCIN4GgL0,o8pCIN4GgL0,Diamond,0
"J. Cole - Lion King On Ice",https://www.youtube.com/watch?v=3lxx_RBA04U,3lxx_RBA04U,Diamond,0
"J. Cole - Middle Child",https://www.youtube.com/watch?v=Dk5j0ea74E8,Dk5j0ea74E8,Diamond,0
"J. Cole - p r i d e . i s . t h e . d e v i l feat. Lil Baby",https://www.youtube.com/watch?v=lut6bRoYeSU,lut6bRoYeSU,Diamond,0
"J. Cole - Port Antonio",https://www.youtube.com/watch?v=zf2E70sjYDM,zf2E70sjYDM,Diamond,0
"Jack Harlow - Already Best Friends ft. Chris Brown",https://www.youtube.com/watch?v=BE7xU8vv14I,BE7xU8vv14I,Diamond,0
"Jack Harlow - Dua Lipa",https://www.youtube.com/watch?v=iPQ5PeWM-04,iPQ5PeWM-04,Diamond,0
"Jack Harlow - First Class",https://www.youtube.com/watch?v=l6VfwU-8yPo,l6VfwU-8yPo,Gold,0
"Jack Harlow - Just Us ft. Doja Cat",https://www.youtube.com/watch?v=_pUySspR6i8,_pUySspR6i8,Diamond,0
"Jack Harlow - Nail Tech",https://www.youtube.com/watch?v=2hviijupaDs,2hviijupaDs,Diamond,0
"Jack Harlow - Tranquility",https://www.youtube.com/watch?v=PFsbA7D4HYQ,PFsbA7D4HYQ,Diamond,0
"Jack Harlow - Tyler Herro",https://www.youtube.com/watch?v=5IUaJFlZlKw,5IUaJFlZlKw,Diamond,0
"Jack Harlow - Way Out ft. Big Sean 2020",https://www.youtube.com/watch?v=UdcblqpixXo,UdcblqpixXo,Diamond,0
"Jackboys - Gang Gang ft. Sheck Wes",https://www.youtube.com/watch?v=zQLLWCcHZ-Y,zQLLWCcHZ-Y,Diamond,0
"Jackboys - Gatti ft. Travis Scott, Pop Smoke",https://www.youtube.com/watch?v=3g-nacfhTso,3g-nacfhTso,Diamond,0
"Jackboys & Travis Scott - 2000 EXCURSION",https://www.youtube.com/watch?v=qaE-6eX9Uz8,qaE-6eX9Uz8,Gold,1
"Jackboys & Travis Scott - Out West ft. Young Thug",https://www.youtube.com/watch?v=L8jGKaPEazQ,L8jGKaPEazQ,Diamond,0
"Jacquees - You",https://www.youtube.com/watch?v=ydAbjNYWnM8,ydAbjNYWnM8,Diamond,0
"Jake Paul - Dana White Diss Track",https://www.youtube.com/watch?v=q_zIwDDKPOI,q_zIwDDKPOI,Diamond,0
"Jake Paul - Park South Freestyle 2020",https://www.youtube.com/watch?v=Qf0CA9bqX1k,Qf0CA9bqX1k,Diamond,0
"JayDaYoungan - Goodbye",https://www.youtube.com/watch?v=1zaRQOPeXZo,1zaRQOPeXZo,Diamond,0
"Jhene Aiko - BS ft. H.E.R",https://www.youtube.com/watch?v=r_t0xH2Az1Y,r_t0xH2Az1Y,Diamond,0
"Jhene Aiko - None Of Your Concern",https://www.youtube.com/watch?v=8Q3VY01LZg0,8Q3VY01LZg0,Diamond,0
"JID - Surround Sound ft. 21 Savage & Baby Tate",https://www.youtube.com/watch?v=JP60JT8WErk,JP60JT8WErk,Diamond,0
"Joey Bada$$ - Crash Dummy",https://www.youtube.com/watch?v=cH5-kRvJih8,cH5-kRvJih8,Diamond,0
"Joyner Lucas - Duck Duck Goose",https://www.youtube.com/watch?v=VwDWiwN-eG8,VwDWiwN-eG8,Diamond,0
"Joyner Lucas - Fall Slowly ft. Ashanti",https://www.youtube.com/watch?v=eP_GUrVIY8o,eP_GUrVIY8o,Diamond,0
"Joyner Lucas - Lotto",https://www.youtube.com/watch?v=MViSNx9LKwI,MViSNx9LKwI,Diamond,0
"Joyner Lucas - Seventeen",https://www.youtube.com/watch?v=731XX7BJ2Hw,731XX7BJ2Hw,Diamond,0
"Joyner Lucas - Snitch",https://www.youtube.com/watch?v=vqXy-9377Ak,vqXy-9377Ak,Diamond,0
"Joyner Lucas - The War ft. Young Thug",https://www.youtube.com/watch?v=csrWBDy_OHY,csrWBDy_OHY,Diamond,0
"Joyner Lucas - What's That?",https://www.youtube.com/watch?v=WwY944x-lwM,WwY944x-lwM,Diamond,0
"Joyner Lucas - Will",https://www.youtube.com/watch?v=z0vPIA-4RFY,z0vPIA-4RFY,Diamond,0
"Joyner Lucas & Future - Blackout",https://www.youtube.com/watch?v=RVOpFNPuI74,RVOpFNPuI74,Diamond,0
"Joyner Lucas & J. Cole - Your Heart",https://www.youtube.com/watch?v=X_LkWK_HMWw,X_LkWK_HMWw,Diamond,0
"Joyner Lucas & Lil Baby - Ramen & OJ",https://www.youtube.com/watch?v=CwIzNVPhuk8,CwIzNVPhuk8,Diamond,0
"Joyner Lucas ft Logic - ISIS ADHD",https://www.youtube.com/watch?v=GaLkObOVKDc,GaLkObOVKDc,Diamond,0
"Juice WRLD  - Come & Go ft. Marshmello",https://www.youtube.com/watch?v=EODCPmGd7tw,EODCPmGd7tw,Diamond,0
"Juice WRLD - 734",https://www.youtube.com/watch?v=MCQXjJSYhBM,MCQXjJSYhBM,Diamond,0
"Juice WRLD - Already Dead",https://www.youtube.com/watch?v=i1BqWychaz0,i1BqWychaz0,Diamond,0
"Juice WRLD - Bad Boy ft. Young Thug",https://www.youtube.com/watch?v=jTw-BKQV4Hc,jTw-BKQV4Hc,Diamond,0
"Juice WRLD - Bandit ft. NBA Youngboy",https://www.youtube.com/watch?v=H375PFeoGB4,h375PFeoGB4,Diamond,0
"Juice WRLD - Burn",https://www.youtube.com/watch?v=dmmS10rCPGc,dmmS10rCPGc,Diamond,0
"Juice WRLD - Conversations",https://www.youtube.com/watch?v=8eJZE8eOhHg,8eJZE8eOhHg,Diamond,0
"Juice WRLD - DOOM",https://www.youtube.com/watch?v=4-BjLr5AwGI,4-BjLr5AwGI,Diamond,0
"Juice WRLD - Empty Out Your Pockets",https://www.youtube.com/watch?v=EVjTJnOPmGo,EVjTJnOPmGo,Diamond,0
"Juice WRLD - Empty",https://www.youtube.com/watch?v=x8S9g_D2CWc,x8S9g_D2CWc,Diamond,0
"Juice WRLD - Feline ft. Polo G & Trippie Redd",https://www.youtube.com/watch?v=lSEBAMGlVZk,lSEBAMGlVZk,Diamond,0
"Juice WRLD - Fighting Demons",https://www.youtube.com/watch?v=mv98B8ObvfE,mv98B8ObvfE,Diamond,0
"Juice WRLD - Go Hard",https://www.youtube.com/watch?v=bWHe9YRK9mA,bWHe9YRK9mA,Diamond,0
"Juice WRLD - Hate The Other Side ft. Marshmello & Polo G",https://www.youtube.com/watch?v=ESFXLnqnFRk,ESFXLnqnFRk,Diamond,0
"Juice WRLD - In My Head",https://www.youtube.com/watch?v=_WMRhxbNDbY,_WMRhxbNDbY,Diamond,0
"Juice WRLD - Life's A Mess ft. Halsey",https://www.youtube.com/watch?v=2T5H2LD31i0,2T5H2LD31i0,Diamond,0
"Juice WRLD - Lucid dreams",https://www.youtube.com/watch?v=xSxhWo0uWPc,xSxhWo0uWPc,Diamond,0
"Juice WRLD - Righteous",https://www.youtube.com/watch?v=fevG2PsR2WY,fevG2PsR2WY,Diamond,0
"Juice WRLD - Run",https://www.youtube.com/watch?v=VTVT3deS_Mk,VTVT3deS_Mk,Diamond,0
"Juice WRLD - Tell Me U Luv Me ft. Trippie Redd",https://www.youtube.com/watch?v=wmOCJb-RLUk,wmOCJb-RLUk,Diamond,0
"Juice WRLD - You Wouldn't Understand",https://www.youtube.com/watch?v=DM_rm1tXXwY,DM_rm1tXXwY,Diamond,0
"Juice WRLD & benny blanco - Real Shit 2020",https://www.youtube.com/watch?v=V46-cOya5Z8,V46-cOya5Z8,Diamond,0
"Juice WRLD & Cordae - Doomsday",https://www.youtube.com/watch?v=b4V4wORkYvk,b4V4wORkYvk,Diamond,0
"Juice WRLD & Justin Bieber - Wandered To LA",https://www.youtube.com/watch?v=hObe0HeWq0w,hObe0HeWq0w,Diamond,0
"Juice WRLD & The Kid LAROI - Reminds Me Of You",https://www.youtube.com/watch?v=u5-3eZ_NN6M,u5-3eZ_NN6M,Diamond,0
"Juice WRLD & The Weeknd - Smile",https://www.youtube.com/watch?v=8_ZBY4nXMJc,8_ZBY4nXMJc,Diamond,0
"Juice WRLD Type Beat - Big Dreams Type Beat",https://www.youtube.com/watch?v=t2WfP43meLY,t2WfP43meLY,Diamond,0
"Juice WRLD Type Beat - Fighting Demons",https://www.youtube.com/watch?v=JPEcxfzc6WU,JPEcxfzc6WU,Diamond,0
"Juice WRLD Type Beat - Hate The Other Side",https://www.youtube.com/watch?v=Bbr1Y9nNIPc,Bbr1Y9nNIPc,Diamond,0
"Juice WRLD Type Beat - Life's A Mess",https://www.youtube.com/watch?v=7ZlpaLiwyi0,7ZlpaLiwyi0,Diamond,0
"Juice WRLD Type Beat - Smile",https://www.youtube.com/watch?v=euJTXjE2K4s,euJTXjE2K4s,Diamond,0
"Justin Bieber - Anyone",https://www.youtube.com/watch?v=ce9u_ga_Jtc,ce9u_ga_Jtc,Diamond,0
"Justin Bieber - Forever ft. Post Malone",https://www.youtube.com/watch?v=COIFHvcZjME,COIFHvcZjME,Diamond,0
"Justin Bieber - Get Me ft. Kehlani",https://www.youtube.com/watch?v=QqokDLjKgtk,QqokDLjKgtk,Diamond,0
"Justin Bieber - Hold On",https://www.youtube.com/watch?v=2caPCE23D5w,2caPCE23D5w,Diamond,0
"Justin Bieber - Holy ft. Chance The Rapper",https://www.youtube.com/watch?v=TbVPp-t34hI,TbVPp-t34hI,Diamond,0
"Justin Bieber - Honest ft. Don Toliver",https://www.youtube.com/watch?v=6xkNi9bnRnw,6xkNi9bnRnw,Diamond,0
"Justin Bieber - Intentions ft. Quavo",https://www.youtube.com/watch?v=MqX0FkjhFIY,MqX0FkjhFIY,Diamond,0
"Justin Bieber - Peaches ft. Daniel Caesar, Giveon",https://www.youtube.com/watch?v=2ANeN3oha1E,2ANeN3oha1E,Diamond,0
"Justin Bieber - Yummy",https://www.youtube.com/watch?v=QFgi6tfBacQ,QFgi6tfBacQ,Diamond,0
"Justin Bieber & benny blanco - Lonely",https://www.youtube.com/watch?v=jqDQyjulIDI,jqDQyjulIDI,Diamond,0
"K3 & Kacey - There Go Dada ft. NBA YoungBoy",https://www.youtube.com/watch?v=5-eThMUuIiE,5-eThMUuIiE,Diamond,0
"Kanye West - Follow God",https://www.youtube.com/watch?v=nbp9vKLSp0I,nbp9vKLSp0I,Diamond,0
"Kanye West - Hurricane ft. The Weeknd & Lil Baby",https://www.youtube.com/watch?v=k1ckE5KuYMk,k1ckE5KuYMk,Diamond,0
"Kanye West - Jail ft. JAY-Z",https://www.youtube.com/watch?v=ORsrId3AMV4,ORsrId3AMV4,Diamond,0
"Kanye West - Off The Grid ft. Playboi Carti & Fivio Foreign",https://www.youtube.com/watch?v=JLH-gRV03gI,JLH-gRV03gI,Diamond,0
"Kanye West & Travis Scott - Wash Us In The Blood",https://www.youtube.com/watch?v=UAbQqTKrXhw,UAbQqTKrXhw,Diamond,0
"Kanye West, ¥$ & Ty Dolla $ign - VULTURES",https://www.youtube.com/watch?v=FQYvHllkSxM,FQYvHllkSxM,Diamond,0
"Katy Perry - Harleys In Hawaii",https://www.youtube.com/watch?v=XRkVcoNDfDw,XRkVcoNDfDw,Diamond,0
"Katy Perry - Never Really Over",https://www.youtube.com/watch?v=GianWv-Hun8,GianWv-Hun8,Diamond,0
"Kehlani - Nights Like This ft Ty Dolla Sign",https://www.youtube.com/watch?v=_7xA60cN9C4,_7xA60cN9C4,Diamond,0
"Kendrick Lamar - N95",https://www.youtube.com/watch?v=qyuHot_SeXo,qyuHot_SeXo,Diamond,0
"Kendrick Lamar - Not Like Us",https://www.youtube.com/watch?v=IqD69mONotc,IqD69mONotc,Diamond,0
"Kendrick Lamar - Silent Hill ft. Kodak Black",https://www.youtube.com/watch?v=0lrrVjGiFuw,0lrrVjGiFuw,Diamond,0
"Kendrick Lamar - The Heart Part 5",https://www.youtube.com/watch?v=Qic6T3rlT60,Qic6T3rlT60,Diamond,0
"Kendrick Lamar - tv off (FL Studio Remake +  FLP)",https://www.youtube.com/watch?v=HJyybT1N2Fg,hJyybT1N2Fg,Diamond,0
"Kendrick Lamar - wacced out murals",https://www.youtube.com/watch?v=4bglPUl86I4,4bglPUl86I4,Diamond,0
"Kendrick Lamar & SZA - luther",https://www.youtube.com/watch?v=NSLqVA6qxVQ,NSLqVA6qxVQ,Diamond,0
"Kevin Gates - Breakfast",https://www.youtube.com/watch?v=M8x9gTJZ648,M8x9gTJZ648,Diamond,0
"Kevin Gates - Plug Daughter 2",https://www.youtube.com/watch?v=wAvTTYEM2PQ,wAvTTYEM2PQ,Diamond,0
"Key Glock - Ambition For Cash",https://www.youtube.com/watch?v=Ykc9DBfPnNg,Ykc9DBfPnNg,Diamond,0
"Key Glock - Penny",https://www.youtube.com/watch?v=zZColI6K8b4,zZColI6K8b4,Diamond,0
"Key Glock - Proud",https://www.youtube.com/watch?v=g469QHt99eg,g469QHt99eg,Diamond,0
"Khalid & Kane Brown - Saturday Nights",https://www.youtube.com/watch?v=zFvwWk1xXYE,zFvwWk1xXYE,Diamond,0
"Kid Cudi - Show Out ft. Skepta & Pop Smoke Drill",https://www.youtube.com/watch?v=XxcHLSXb5iw,XxcHLSXb5iw,Diamond,0
"Kid Cudi & Eminem - The Adventures Of Moon Man and Slim Shady",https://www.youtube.com/watch?v=OHRuRxn6x_I,OHRuRxn6x_I,Diamond,0
"King Von - Armed & Dangerous",https://www.youtube.com/watch?v=SMd62xGPJek,SMd62xGPJek,Diamond,0
"King Von - Demon",https://www.youtube.com/watch?v=R_QcBIrwQnA,R_QcBIrwQnA,Diamond,0
"King Von - Don't Miss",https://www.youtube.com/watch?v=pup3zwBiJ1Q,pup3zwBiJ1Q,Diamond,0
"King Von - Gleesh Place",https://www.youtube.com/watch?v=QUEKnGyHwO0,QUEKnGyHwO0,Diamond,0
"King Von - How It Go",https://www.youtube.com/watch?v=7yTesWAHKWI,7yTesWAHKWI,Diamond,0
"King Von - I Am What I Am ft. Fivio Foreign",https://www.youtube.com/watch?v=vZxizDJEJ4s,vZxizDJEJ4s,Diamond,0
"King Von - Mine Too",https://www.youtube.com/watch?v=q47Eomwldoo,q47Eomwldoo,Diamond,0
"King Von - Robberies",https://www.youtube.com/watch?v=d-ThHG_pByM,d-ThHG_pByM,Diamond,0
"King Von - The Code ft. Polo G",https://www.youtube.com/watch?v=6C24CUyF2VM,6C24CUyF2VM,Diamond,0
"King Von - Trust Nothing ft. Moneybagg Yo",https://www.youtube.com/watch?v=Z0m4CdKlIH0,Z0m4CdKlIH0,Diamond,0
"King Von - War",https://www.youtube.com/watch?v=6nhXJjFaq-Q,6nhXJjFaq-Q,Diamond,0
"King Von - Wayne's Story",https://www.youtube.com/watch?v=AqeiFTrVAas,AqeiFTrVAas,Diamond,0
"King Von - When I Die",https://www.youtube.com/watch?v=5Ltnw4FCkiA,5Ltnw4FCkiA,Diamond,0
"King Von & 21 Savage - Don't Play That",https://www.youtube.com/watch?v=sFWHos3tbzk,sFWHos3tbzk,Diamond,0
"King Von & Lil Durk - Evil Twins",https://www.youtube.com/watch?v=PrUFwdN7oyE,PrUFwdN7oyE,Diamond,0
"King Von & OMB Peezy - Get It Done",https://www.youtube.com/watch?v=BTC-4z-BVnM,BTC-4z-BVnM,Diamond,0
"Kodak Black - Christmas in Miami",https://www.youtube.com/watch?v=HMvv_jyns2o,hMvv_jyns2o,Diamond,0
"Kodak Black - Feelin Peachy",https://www.youtube.com/watch?v=lH8HKZ-KhtA,lH8HKZ-KhtA,Diamond,0
"Kodak Black - I'm So Awesome",https://www.youtube.com/watch?v=e8fkt2IFPuA,e8fkt2IFPuA,Diamond,0
"Kodak Black - Last Day In",https://www.youtube.com/watch?v=yot-tRt2jEc,yot-tRt2jEc,Diamond,0
"Kodak Black - No Love For A Thug",https://www.youtube.com/watch?v=pJXmtOLBtn8,pJXmtOLBtn8,Diamond,0
"Kodak Black - Nobody ft. Lil Baby",https://www.youtube.com/watch?v=x98gSsIND6Y,x98gSsIND6Y,Diamond,0
"Kodak Black - On Everything",https://www.youtube.com/watch?v=lgnodO1iEgY,lgnodO1iEgY,Diamond,0
"Kodak Black - Rip Stick ft. Pooh Shiesty & Syko Bob",https://www.youtube.com/watch?v=PCPts6OxmeQ,PCPts6OxmeQ,Diamond,0
"Kodak Black - Senseless",https://www.youtube.com/watch?v=1IReiQGCa7s,1IReiQGCa7s,Diamond,0
"Kodak Black - Sharp Vibes",https://www.youtube.com/watch?v=Yb2CtrhosEk,Yb2CtrhosEk,Diamond,0
"Kodak Black - Spin",https://www.youtube.com/watch?v=C3BTUcY3mPY,C3BTUcY3mPY,Diamond,0
"Kodak Black - Super Gremlin",https://www.youtube.com/watch?v=aijHMY19ZUI,aijHMY19ZUI,Diamond,0
"Kodak Black - The Fire",https://www.youtube.com/watch?v=P0r-qFMaIF0,P0r-qFMaIF0,Diamond,0
"Kodak Black - Versatile 3",https://www.youtube.com/watch?v=oh2c5SS7x0w,oh2c5SS7x0w,Diamond,0
"Kodak Black - Walk",https://www.youtube.com/watch?v=Q7eGei_JYRw,Q7eGei_JYRw,Diamond,0
"Kodak Black - Z Look Jamaican",https://www.youtube.com/watch?v=6IlISknPfA8,6IlISknPfA8,Diamond,0
"Kodak Black & Chance The Rapper - Still Get Chanel",https://www.youtube.com/watch?v=ArMCOGSNc0E,ArMCOGSNc0E,Gold,0
"Kodak Black ft. Rod Wave - Before I Go",https://www.youtube.com/watch?v=GO8IlB_F768,GO8IlB_F768,Diamond,0
"KSI - No Time ft. Lil Durk",https://www.youtube.com/watch?v=T6wtRtg9IVk,T6wtRtg9IVk,Diamond,0
"KSI - Number 2 ft. Future & 21 Savage",https://www.youtube.com/watch?v=heaxSxByVs8,heaxSxByVs8,Diamond,0
"KSI - Really Love ft. Craig David & Digital Farm Animals",https://www.youtube.com/watch?v=46nw63v8y2k,46nw63v8y2k,Diamond,0
"KSI - Wake Up Call ft. Trippie Redd",https://www.youtube.com/watch?v=A6fQMt9r72Y,A6fQMt9r72Y,Diamond,0
"KSI & Offset - Cap",https://www.youtube.com/watch?v=tIhDN1jFWnw,tIhDN1jFWnw,Diamond,0
"KSI & Randolph - Beerus",https://www.youtube.com/watch?v=ie0eZPziIPI,ie0eZPziIPI,Diamond,0
"Kygo & Rita Ora - Carry On",https://www.youtube.com/watch?v=YO-95WZdkGs,YO-95WZdkGs,Diamond,0
"Lady Gaga & BLACKPINK - Sour Candy",https://www.youtube.com/watch?v=lFM4JJ4ZK70,lFM4JJ4ZK70,Diamond,0
"L'Algerino - Les Princes de la Nuit ft. Fianso",https://www.youtube.com/watch?v=xuJOS802q8E,xuJOS802q8E,Diamond,0
"L'Algérino - Mention Max",https://www.youtube.com/watch?v=3tCrxrU6UvQ,3tCrxrU6UvQ,Diamond,0
"Lil Baby - By Myself ft. Rod Wave & Rylo Rodriguez",https://www.youtube.com/watch?v=BzEPjPw1V94,BzEPjPw1V94,Diamond,0
"Lil Baby - California Breeze",https://www.youtube.com/watch?v=Ub8D3fDk7Fk,Ub8D3fDk7Fk,Diamond,0
"Lil Baby - Detox",https://www.youtube.com/watch?v=MQeBL_IlnaM,MQeBL_IlnaM,Diamond,0
"Lil Baby - Dum, dumb & dumber ft. Young Thug & Future",https://www.youtube.com/watch?v=sOkpml4Ig24,sOkpml4Ig24,Diamond,0
"Lil Baby - Errbody Trap",https://www.youtube.com/watch?v=OH7gHW0P0sU,OH7gHW0P0sU,Diamond,0
"Lil Baby - Forget That ft. Rylo Rodriguez",https://www.youtube.com/watch?v=rIJhr8HwloI,rIJhr8HwloI,Diamond,0
"Lil Baby - Frozen",https://www.youtube.com/watch?v=AIiwiZswCIY,AIiwiZswCIY,Diamond,0
"Lil Baby - Go Hard",https://www.youtube.com/watch?v=lOhcQqKJIZQ,lOhcQqKJIZQ,Diamond,0
"Lil Baby - In A Minute",https://www.youtube.com/watch?v=G_yik53RUog,G_yik53RUog,Diamond,0
"Lil Baby - On Me",https://www.youtube.com/watch?v=h7ut0J_wK98,h7ut0J_wK98,Diamond,0
"Lil Baby - Real As It Gets ft. EST Gee",https://www.youtube.com/watch?v=e60IMp3sf6Y,e60IMp3sf6Y,Diamond,0
"Lil Baby - Right On",https://www.youtube.com/watch?v=fjOsXOLHfOo,fjOsXOLHfOo,Diamond,0
"Lil Baby - Stand On It",https://www.youtube.com/watch?v=tx_yJfnwz1M,tx_yJfnwz1M,Diamond,0
"Lil Baby - The Bigger Picture",https://www.youtube.com/watch?v=crqzaDTDqzI,crqzaDTDqzI,Diamond,17
"Lil Baby & Lil Durk - How It Feels",https://www.youtube.com/watch?v=9X0vpYI9pIE,9X0vpYI9pIE,Diamond,0
"Lil Baby & Lil Durk - Man of my Word",https://www.youtube.com/watch?v=wbZj8sPRC3M,wbZj8sPRC3M,Diamond,0
"Lil Baby & Lil Durk - Voice of the Heroes",https://www.youtube.com/watch?v=y325lt2YiPc,y325lt2YiPc,Diamond,0
"Lil Baby ft. 42 Dugg & Veeze - U-Digg",https://www.youtube.com/watch?v=fbDxkFd15tA,fbDxkFd15tA,Diamond,0
"Lil Baby Type Beat - The Bigger Picture",https://www.youtube.com/watch?v=02Srtll3HGQ,02Srtll3HGQ,Diamond,0
"Lil Durk - AHHH HA",https://www.youtube.com/watch?v=wpYW-xDhriw,wpYW-xDhriw,Diamond,0
"Lil Durk - All My Life ft. J Cole",https://www.youtube.com/watch?v=6SPna2AFkXI,6SPna2AFkXI,Diamond,0
"Lil Durk - Backdoor",https://www.youtube.com/watch?v=50RzzDzCB3s,50RzzDzCB3s,Diamond,0
"Lil Durk - Block Is Hot",https://www.youtube.com/watch?v=fVQWKBmVR80,fVQWKBmVR80,Diamond,0
"Lil Durk - Blocklist",https://www.youtube.com/watch?v=Gn9mCFbywOU,Gn9mCFbywOU,Diamond,0
"Lil Durk - Computer Murderers",https://www.youtube.com/watch?v=HT4nopQz34o,hT4nopQz34o,Diamond,0
"Lil Durk - Did Shit To Me ft. Doodie Lo",https://www.youtube.com/watch?v=giufIiYJPxw,giufIiYJPxw,Diamond,0
"Lil Durk - F*ck U Thought",https://www.youtube.com/watch?v=-UXuTBwdcTs,-UXuTBwdcTs,Diamond,0
"Lil Durk - Finesse Out The Gang Way ft. Lil Baby",https://www.youtube.com/watch?v=c1ng5Rek7vo,c1ng5Rek7vo,Diamond,0
"Lil Durk - Hanging With Wolves",https://www.youtube.com/watch?v=Y2zN3SOXxRc,Y2zN3SOXxRc,Diamond,0
"Lil Durk - India Pt. 3",https://www.youtube.com/watch?v=WI025hLJQ4U,WI025hLJQ4U,Diamond,0
"Lil Durk - Kanye Krazy",https://www.youtube.com/watch?v=ZSuKf6GUFm4,ZSuKf6GUFm4,Diamond,0
"Lil Durk - Lion Eyes",https://www.youtube.com/watch?v=q6ak7ZyjXSQ,q6ak7ZyjXSQ,Diamond,0
"Lil Durk - Pelle Coat",https://www.youtube.com/watch?v=d9rj-iLhbdQ,d9rj-iLhbdQ,Diamond,0
"Lil Durk - Petty Too ft. Future",https://www.youtube.com/watch?v=veJftVZbsWs,veJftVZbsWs,Diamond,0
"Lil Durk - Pissed Me Off",https://www.youtube.com/watch?v=l9Wr13FYfOE,l9Wr13FYfOE,Diamond,0
"Lil Durk - Redman",https://www.youtube.com/watch?v=5UCSKooNWxk,5UCSKooNWxk,Diamond,0
"Lil Durk - Should've Ducked feat. Pooh Shiesty",https://www.youtube.com/watch?v=omrZufRbsVU,omrZufRbsVU,Diamond,0
"Lil Durk - Smurk Carter",https://www.youtube.com/watch?v=YgU4KjWQOvQ,YgU4KjWQOvQ,Diamond,0
"Lil Durk - This A Story ft. King Von",https://www.youtube.com/watch?v=xyNzDjxiCgw,xyNzDjxiCgw,Diamond,0
"Lil Durk - War Bout It ft. 21 Savage",https://www.youtube.com/watch?v=ZBPJiF1bvgw,ZBPJiF1bvgw,Diamond,0
"Lil Durk - What Happened to Virgil ft. Gunna",https://www.youtube.com/watch?v=osvejWkUF1k,osvejWkUF1k,Diamond,0
"Lil Durk, King Von & Booka600 - Jump ft. Memo600",https://www.youtube.com/watch?v=-xWHW_l-vMs,-xWHW_l-vMs,Diamond,0
"Lil Mabu - MATHEMATICAL DISRESPECT",https://www.youtube.com/watch?v=dc8-e4EEjx0,dc8-e4EEjx0,Diamond,0
"Lil Mosey - Blueberry Faygo",https://www.youtube.com/watch?v=IobUglEO97o,IobUglEO97o,Diamond,0
"Lil Mosey - Enough",https://www.youtube.com/watch?v=1-iTBrwzn_I,1-iTBrwzn_I,Diamond,0
"Lil Mosey - Flu Game",https://www.youtube.com/watch?v=_pCd_knFPOs,_pCd_knFPOs,Diamond,0
"Lil Mosey - Holy Water",https://www.youtube.com/watch?v=n6DpR029E2w,n6DpR029E2w,Diamond,0
"Lil Mosey - Not The Same God As Mine",https://www.youtube.com/watch?v=9RhTSup9WOA,9RhTSup9WOA,Diamond,0
"Lil Mosey - Stuck In A Dream ft. Gunna",https://www.youtube.com/watch?v=7Gh3eEaiNfY,7Gh3eEaiNfY,Diamond,0
"Lil Mosey - Top Gone ft. Lunay",https://www.youtube.com/watch?v=Rflfey9qPGg,Rflfey9qPGg,Diamond,0
"Lil Mosey - Try Me",https://www.youtube.com/watch?v=RJyHLzS1Ocs,RJyHLzS1Ocs,Diamond,0
"Lil Mosey Type Beat - Enough",https://www.youtube.com/watch?v=pJegQnwCxmo,pJegQnwCxmo,Diamond,0
"Lil Nas X - DOLLA SIGN SLIME ft. Megan Thee Stallion",https://www.youtube.com/watch?v=9fsLDxKF4iQ,9fsLDxKF4iQ,Diamond,0
"Lil Nas X - Holiday",https://www.youtube.com/watch?v=NQuTu1PgTdM,NQuTu1PgTdM,Diamond,0
"Lil Nas X - Industry Baby ft. Jack Harlow",https://www.youtube.com/watch?v=Mb2WZwCHuCA,Mb2WZwCHuCA,Diamond,11
"Lil Nas X - J CHRIST",https://www.youtube.com/watch?v=TzTZUhFP8tk,TzTZUhFP8tk,Diamond,0
"Lil Nas X - MONTERO (Call Me By Your Name)",https://www.youtube.com/watch?v=T3a7KeOzPRU,T3a7KeOzPRU,Diamond,0
"Lil Nas X - SCOOP ft. Doja Cat",https://www.youtube.com/watch?v=amn9zgCxbmE,amn9zgCxbmE,Diamond,0
"Lil Nas X - SUN GOES DOWN",https://www.youtube.com/watch?v=uFcntoN6Oxg,uFcntoN6Oxg,Diamond,0
"Lil Nas X - THATS WHAT I WANT",https://www.youtube.com/watch?v=9hh1KzfUVG8,9hh1KzfUVG8,Diamond,0
"Lil Nas X - VOID",https://www.youtube.com/watch?v=mo2cBWhrY_Y,mo2cBWhrY_Y,Diamond,0
"Lil Nas X & Cardi B - Rodeo",https://www.youtube.com/watch?v=67AwE8vucRc,67AwE8vucRc,Diamond,0
"Lil Nas X & NBA YoungBoy - Late To Da Party",https://www.youtube.com/watch?v=SXfu-h7V488,SXfu-h7V488,Diamond,0
"Lil Peep - 16 Lines",https://www.youtube.com/watch?v=PWTokNdNYhg,PWTokNdNYhg,Diamond,0
"Lil Peep - Lil Jeep",https://www.youtube.com/watch?v=W7uxeeyTAEU,W7uxeeyTAEU,Diamond,0
"Lil Peep - lil kennedy",https://www.youtube.com/watch?v=M5p1UlJrAnk,M5p1UlJrAnk,Diamond,0
"Lil Peep - When I Lie",https://www.youtube.com/watch?v=zCtQikR_hi0,zCtQikR_hi0,Diamond,0
"Lil Peep & Xxxtentacion - Falling down",https://www.youtube.com/watch?v=labeIdesTa0,labeIdesTa0,Diamond,0
"Lil Pump - Be Like Me ft. Lil Wayne",https://www.youtube.com/watch?v=GQzIAeUv2UM,GQzIAeUv2UM,Diamond,0
"Lil Pump - Butterfly doors",https://www.youtube.com/watch?v=HD73D7znyGs,hD73D7znyGs,Diamond,0
"Lil Pump - Fasho Fasho ft Offset",https://www.youtube.com/watch?v=Hwy5qf2pQ2U,hwy5qf2pQ2U,Diamond,0
"Lil Pump - Racks on Racks",https://www.youtube.com/watch?v=otLzaqo5jfs,otLzaqo5jfs,Diamond,0
"Lil Pump - Racks To The Ceiling ft. Tory Lanez",https://www.youtube.com/watch?v=1k9KcRR7aXk,1k9KcRR7aXk,Diamond,0
"Lil Pump - She Know ft. Ty Dolla $ign",https://www.youtube.com/watch?v=QF-ChuwFc9k,QF-ChuwFc9k,Diamond,0
"Lil Pump - Water",https://www.youtube.com/watch?v=rImZFQpteVo,rImZFQpteVo,Diamond,0
"Lil Skies - Havin My Way ft. Lil Durk",https://www.youtube.com/watch?v=8uXRYAPE6-Y,8uXRYAPE6-Y,Diamond,0
"Lil Skies - My Baby ft. Zhavia Ward",https://www.youtube.com/watch?v=Qv4YX7dQNpo,Qv4YX7dQNpo,Diamond,0
"Lil Skies - On Sight",https://www.youtube.com/watch?v=ZqRuNtXLawY,ZqRuNtXLawY,Diamond,0
"Lil Skies - Real Ties",https://www.youtube.com/watch?v=9y91_aErYOU,9y91_aErYOU,Diamond,0
"Lil Tecca - 500lbs",https://www.youtube.com/watch?v=n3RkZjzNujs,n3RkZjzNujs,Diamond,0
"Lil Tecca - Bad Time",https://www.youtube.com/watch?v=Co3ZR_eQ8lU,Co3ZR_eQ8lU,Diamond,0
"Lil Tecca - Dark Thoughts",https://www.youtube.com/watch?v=zAtAWhNCFdk,zAtAWhNCFdk,Diamond,2
"Lil Tecca - Dead or Alive",https://www.youtube.com/watch?v=5Z-0dNjVnmo,5Z-0dNjVnmo,Diamond,0
"Lil Tecca - Dolly ft. Lil Uzi Vert",https://www.youtube.com/watch?v=dQRfQ4VCviU,dQRfQ4VCviU,Diamond,0
"Lil Tecca - Lot Of Me",https://www.youtube.com/watch?v=cytTcgN73n0,cytTcgN73n0,Diamond,0
"Lil Tecca - Money On Me",https://www.youtube.com/watch?v=Y1UIZoxA5PM,Y1UIZoxA5PM,Diamond,0
"Lil Tecca - Need Me",https://www.youtube.com/watch?v=T1Gb4w2xOW4,T1Gb4w2xOW4,Diamond,0
"Lil Tecca - Never Left",https://www.youtube.com/watch?v=sJBNmkBtIuM,sJBNmkBtIuM,Diamond,0
"Lil Tecca - Out Of Love",https://www.youtube.com/watch?v=vJZ8DjcBYXo,vJZ8DjcBYXo,Diamond,0
"Lil Tecca - OWA OWA",https://www.youtube.com/watch?v=FA1PF3GtpE8,FA1PF3GtpE8,Diamond,0
"Lil Tecca - REPEAT IT ft. Gunna",https://www.youtube.com/watch?v=_mRxoRa_iDU,_mRxoRa_iDU,Diamond,0
"Lil Tecca - Royal Rumble",https://www.youtube.com/watch?v=yhD73afpfo8,yhD73afpfo8,Diamond,0
"Lil Tecca - Treesha",https://www.youtube.com/watch?v=f3DPxWdSfsA,f3DPxWdSfsA,Diamond,0
"Lil Tecca & Internet Money Type Beat - Never Left",https://www.youtube.com/watch?v=T3K6LRGuoYg,T3K6LRGuoYg,Diamond,0
"Lil Tecca ft Juice WRLD - Ransom",https://www.youtube.com/watch?v=wBINoX9IKWQ,wBINoX9IKWQ,Diamond,0
"Lil Tecca Type Beat - Nonsense",https://www.youtube.com/watch?v=0pVSySNtpHs,0pVSySNtpHs,Diamond,0
"Lil Tjay - Beat the Odds",https://www.youtube.com/watch?v=-g-BqZQ7Y8E,-g-BqZQ7Y8E,Diamond,0
"Lil Tjay - Born 2 Be Great",https://www.youtube.com/watch?v=pLLeKYeI7fQ,pLLeKYeI7fQ,Diamond,0
"Lil Tjay - Calling My Phone ft. 6LACK",https://www.youtube.com/watch?v=MNrjX90jix8,MNrjX90jix8,Diamond,0
"Lil Tjay - Christmas In A Cell",https://www.youtube.com/watch?v=QAA-yOCnDR4,QAA-yOCnDR4,Diamond,0
"Lil Tjay - Clutchin My Strap",https://www.youtube.com/watch?v=c-Mj9J0cHBU,c-Mj9J0cHBU,Diamond,0
"Lil Tjay - F.N",https://www.youtube.com/watch?v=2z8QeD6TyBA,2z8QeD6TyBA,Diamond,0
"Lil Tjay - Forever In My Heart",https://www.youtube.com/watch?v=1JO5Osc34mg,1JO5Osc34mg,Diamond,0
"Lil Tjay - Headshot ft. Polo G & Fivio Foreign",https://www.youtube.com/watch?v=402UCxtCefs,402UCxtCefs,Diamond,0
"Lil Tjay - Hold On",https://www.youtube.com/watch?v=oH1Et_0yv0M,oH1Et_0yv0M,Diamond,0
"Lil Tjay - Not In The Mood ft. Fivio Foreign & Kay Flock",https://www.youtube.com/watch?v=GfMidfyFulA,GfMidfyFulA,Diamond,0
"Lil Tjay - Oh Well",https://www.youtube.com/watch?v=dKXMavLY5jg,dKXMavLY5jg,Diamond,0
"Lil Tjay - Run It Up ft. Offset, Moneybagg",https://www.youtube.com/watch?v=qap6gB64_yM,qap6gB64_yM,Diamond,0
"Lil Tjay - Stressed ft. Summer Walker",https://www.youtube.com/watch?v=izxO4uqzNIk,izxO4uqzNIk,Diamond,0
"Lil Tjay - Why ft. NLE Choppa",https://www.youtube.com/watch?v=5nzJgAUOkq8,5nzJgAUOkq8,Diamond,0
"Lil Tjay x 6BLACK Type Beat - Calling My Phone",https://www.youtube.com/watch?v=GbAyetwl6EU,GbAyetwl6EU,Diamond,0
"Lil Uzi Vert - Aye ft. Travis Scott",https://www.youtube.com/watch?v=gePIEGCJY1c,gePIEGCJY1c,Diamond,0
"Lil Uzi Vert - Baby Pluto",https://www.youtube.com/watch?v=EW66_eww020,EW66_eww020,Diamond,0
"Lil Uzi Vert - Endless Fashion ft. Nicki Minaj",https://www.youtube.com/watch?v=L8hfcnwx9e0,L8hfcnwx9e0,Diamond,0
"Lil Uzi Vert - Futsal Shuffle 2020",https://www.youtube.com/watch?v=xmrXxgBMk-s,xmrXxgBMk-s,Diamond,0
"Lil Uzi Vert - I Gotta",https://www.youtube.com/watch?v=-UDbXkGUl98,-UDbXkGUl98,Diamond,0
"Lil Uzi Vert - NFL",https://www.youtube.com/watch?v=3eXFwN2tmwQ,3eXFwN2tmwQ,Diamond,0
"Lil Uzi Vert - Sanguine Paradise",https://www.youtube.com/watch?v=szkbrBWmdqA,szkbrBWmdqA,Diamond,0
"Lil Wayne - BB King Freestyle ft. Drake 2020",https://www.youtube.com/watch?v=ioZI3UblGXg,ioZI3UblGXg,Diamond,0
"Lil Wayne - Dark side of the moon ft Nicki Minaj",https://www.youtube.com/watch?v=HnennncB-P8,hnennncB-P8,Diamond,0
"Lil Wayne - Momma Don't Worry ft. Future & Lil Baby",https://www.youtube.com/watch?v=W-LeE7svQoo,W-LeE7svQoo,Diamond,0
"Lil Wayne & Xxxtentacion - Don't cry",https://www.youtube.com/watch?v=sFv1OuZUFYo,sFv1OuZUFYo,Diamond,0
"Lil Wayne, Rich The Kid - Feelin' Like Tunechi",https://www.youtube.com/watch?v=pdn9nmDlhkU,pdn9nmDlhkU,Diamond,0
"Lil Yachty - CORTEX",https://www.youtube.com/watch?v=IgNK6-m84fc,IgNK6-m84fc,Diamond,0
"Lil Yachty - Oprah's Bank Account ft. Drake & DaBaby",https://www.youtube.com/watch?v=pYPPJeh8dOc,pYPPJeh8dOc,Diamond,0
"Lil Yachty - Poland",https://www.youtube.com/watch?v=bqOaGqieKNI,bqOaGqieKNI,Diamond,0
"Lil Yachty - SOLO STEPPIN CRETE BOY",https://www.youtube.com/watch?v=DQRjLxU9VKU,DQRjLxU9VKU,Diamond,0
"Lil Yachty - Strike (Holster)",https://www.youtube.com/watch?v=cCU_Z7HrHas,cCU_Z7HrHas,Diamond,0
"Lil Yachty - Yae Energy",https://www.youtube.com/watch?v=ZOvoHqV9dJ0,ZOvoHqV9dJ0,Diamond,0
"Lil Yachty & Future & Playboi Carti - Flex Up",https://www.youtube.com/watch?v=VsHTjskoo9o,VsHTjskoo9o,Diamond,0
"Lil Yachty & Ian - Hate Me",https://www.youtube.com/watch?v=S9R_X0H2WYM,S9R_X0H2WYM,Diamond,0
"Lil Zay Osama & Lil Durk - F*** My Cousin Pt. II",https://www.youtube.com/watch?v=fix8rgtNWzY,fix8rgtNWzY,Diamond,0
"LoFi Hip-hop Type Beat - Asthma",https://www.youtube.com/watch?v=QRkAV1q9El4,QRkAV1q9El4,Diamond,0
"LoFi Type Beat - Chill Mood",https://www.youtube.com/watch?v=ixbQ7w-nIyw,ixbQ7w-nIyw,Diamond,0
"LoFi Type Beat - Little Joys",https://www.youtube.com/watch?v=h0k8Njo0zG4,h0k8Njo0zG4,Diamond,0
"LoFi Type Beat - Pray for New Zealand",https://www.youtube.com/watch?v=5ypD4QIuPsw,5ypD4QIuPsw,Diamond,0
"LoFi Type Beat - Rebus",https://www.youtube.com/watch?v=hBsy2VUwER8,hBsy2VUwER8,Diamond,0
"LoFi Type Beat - The dark room",https://www.youtube.com/watch?v=TmFnjgGXTRk,TmFnjgGXTRk,Diamond,0
"LoFi Type Beat - Umka Lullaby",https://www.youtube.com/watch?v=Y1IM3Yp8IPs,Y1IM3Yp8IPs,Diamond,0
"Logic - Homicide ft Eminem",https://www.youtube.com/watch?v=9C-jsUL710Y,9C-jsUL710Y,Diamond,0
"Loredana & Juju - Kein Wort",https://www.youtube.com/watch?v=O0v5RI42Sm8,O0v5RI42Sm8,Diamond,0
"Lullaby Trap Type Beat - Bye Bye",https://www.youtube.com/watch?v=n3s-jOUirro,n3s-jOUirro,Diamond,0
"LUNAY - TBC",https://www.youtube.com/watch?v=JlmglSfmEEM,JlmglSfmEEM,Diamond,0
"Mac Miller - Good News",https://www.youtube.com/watch?v=v25-MokREcA,v25-MokREcA,Diamond,0
"Mac Miller Type Beat - Nevermore",https://www.youtube.com/watch?v=7zlSefz4E3M,7zlSefz4E3M,Diamond,0
"Machine Gun Kelly - Pretty Toxic Revolver",https://www.youtube.com/watch?v=nEmoYY6lMi4,nEmoYY6lMi4,Diamond,0
"Machine Gun Kelly - What's Poppin Freestyle",https://www.youtube.com/watch?v=-zCJPF6WOtU,-zCJPF6WOtU,Diamond,0
"Machine Gun Kelly & YUNGBLUD & Travis Barker - I Think I'm OKAY",https://www.youtube.com/watch?v=iYjWBUW5YAQ,iYjWBUW5YAQ,Diamond,0
"Madonna & Swae Lee - Crave",https://www.youtube.com/watch?v=DDTpl7EVBsg,DDTpl7EVBsg,Diamond,0
"Making a Chill Trap Beat in FL Studio",https://www.youtube.com/watch?v=SS2xtyYqMC4,SS2xtyYqMC4,Diamond,0
"Mario Judah - Bean & Lean",https://www.youtube.com/watch?v=tMAzSH5Zod8,tMAzSH5Zod8,Diamond,0
"Mario Judah - Bih Yah",https://www.youtube.com/watch?v=2ao0b7DcQd0,2ao0b7DcQd0,Diamond,0
"Marshmello & Juice WRLD - Bye Bye",https://www.youtube.com/watch?v=aHucAfHQXo4,aHucAfHQXo4,Diamond,0
"Max Korzh - Maloletka",https://www.youtube.com/watch?v=UeOp-UuwzqQ,UeOp-UuwzqQ,Diamond,0
"Meek Mill - Flamerz Flow",https://www.youtube.com/watch?v=NLv9JnJiEtI,NLv9JnJiEtI,Diamond,0
"Meek Mill - Hot ft. Moneybagg Yo",https://www.youtube.com/watch?v=joPwdUzbads,joPwdUzbads,Diamond,0
"Meek Mill - Intro (Hate On Me)",https://www.youtube.com/watch?v=HYMYwfg3D9I,hYMYwfg3D9I,Diamond,0
"Meek Mill - Mandela Freestyle",https://www.youtube.com/watch?v=BURDH9YyHBk,BURDH9YyHBk,Diamond,0
"Meek Mill - Otherside of America",https://www.youtube.com/watch?v=YJWYNn1WeZM,YJWYNn1WeZM,Diamond,0
"Meek Mill - Pain Away ft. Lil Durk",https://www.youtube.com/watch?v=OLcrekwHfPc,OLcrekwHfPc,Diamond,0
"Meek Mill - War Stories",https://www.youtube.com/watch?v=Ozs4lfOH75U,Ozs4lfOH75U,Diamond,0
"Megan Thee Stallion - Bigger In Texas",https://www.youtube.com/watch?v=CLl-XlnXBfc,CLl-XlnXBfc,Diamond,0
"Megan Thee Stallion - Body",https://www.youtube.com/watch?v=E4ONIg47wCE,E4ONIg47wCE,Diamond,0
"Megan Thee Stallion - Cobra",https://www.youtube.com/watch?v=o_D-xqmwUvo,o_D-xqmwUvo,Diamond,0
"Megan Thee Stallion - Cry Baby ft. DaBaby",https://www.youtube.com/watch?v=pzdqsvkovcc,pzdqsvkovcc,Diamond,0
"Megan Thee Stallion - HISS",https://www.youtube.com/watch?v=1a6ZLFpvC8Q,1a6ZLFpvC8Q,Diamond,0
"Megan Thee Stallion - LOVER GIRL",https://www.youtube.com/watch?v=2RFdHK3E4mI,2RFdHK3E4mI,Gold,0
"Megan Thee Stallion - Mamushi ft. Yuki Chiba",https://www.youtube.com/watch?v=XaARs9qvSQ0,XaARs9qvSQ0,Diamond,0
"Megan Thee Stallion - Movie ft. Lil Durk",https://www.youtube.com/watch?v=z0IS8uOmB2I,z0IS8uOmB2I,Diamond,0
"Megan Thee Stallion - Neva Play ft. RM",https://www.youtube.com/watch?v=-5dyKOOefFU,-5dyKOOefFU,Diamond,0
"Megan Thee Stallion - Southside Forever Freestyle",https://www.youtube.com/watch?v=O1rXKWmqWs8,O1rXKWmqWs8,Diamond,0
"Megan Thee Stallion - Thot Shit",https://www.youtube.com/watch?v=NNQCey8E3Os,NNQCey8E3Os,Diamond,0
"Megan Thee Stallion & Dua Lipa - Sweetest Pie",https://www.youtube.com/watch?v=nzFCApWOldA,nzFCApWOldA,Diamond,0
"Megan Thee Stallion Type Beat - Southside Forever",https://www.youtube.com/watch?v=A5adz124Ae4,A5adz124Ae4,Diamond,0
"Metro Boomin - Annihilate ft. Swae Lee & Lil Wayne, Offset",https://www.youtube.com/watch?v=PV_Ftcw-9ew,PV_Ftcw-9ew,Diamond,0
"Metro Boomin - Calling ft. Swae Lee, NAV, A Boogie wit da Hoodie",https://www.youtube.com/watch?v=BYYKcuk5cGA,BYYKcuk5cGA,Diamond,0
"Metro Boomin & Future - Superhero",https://www.youtube.com/watch?v=3vqAnAlvzuM,3vqAnAlvzuM,Diamond,0
"Metro Boomin & Future - Too Many Nights ft. Don Toliver",https://www.youtube.com/watch?v=ML1Ev32nQEc,ML1Ev32nQEc,Diamond,0
"Metro Boomin, 21 Savage & Travis Scott - Niagara Falls",https://www.youtube.com/watch?v=UMyfitAHE54,UMyfitAHE54,Diamond,0
"Migos - How We Coming",https://www.youtube.com/watch?v=7Qj09eX3nb0,7Qj09eX3nb0,Diamond,0
"Migos - Need It ft. NBA YoungBoy",https://www.youtube.com/watch?v=CFACV1w3-oQ,CFACV1w3-oQ,Diamond,0
"Migos - Straightenin",https://www.youtube.com/watch?v=ImxRFunv578,ImxRFunv578,Diamond,0
"Migos - Vaccine",https://www.youtube.com/watch?v=w7uz2zxuKqg,w7uz2zxuKqg,Diamond,0
"Migos & Young Thug & Travis Scott - Give No Fxk",https://www.youtube.com/watch?v=eWmJq3Y1uyg,eWmJq3Y1uyg,Diamond,0
"Mike Will Made-It - What That Speed Bout ft. NBA Youngboy",https://www.youtube.com/watch?v=HqpN60Gv-wo,hqpN60Gv-wo,Diamond,0
"Mo3 & Morray - In My Blood",https://www.youtube.com/watch?v=1EZRuvdJCNo,1EZRuvdJCNo,Diamond,0
"Money Man - Contributions",https://www.youtube.com/watch?v=DlkZpc6D0Jo,DlkZpc6D0Jo,Diamond,0
"Moneybagg Yo - Cold Shoulder",https://www.youtube.com/watch?v=I3me587xsVA,I3me587xsVA,Diamond,0
"Moneybagg Yo - Gave It ft. Big Homiie G",https://www.youtube.com/watch?v=eBmZ35eHp6E,eBmZ35eHp6E,Diamond,0
"Moneybagg Yo - If Pain Was A Person",https://www.youtube.com/watch?v=TSdYf9MirHM,TSdYf9MirHM,Diamond,0
"Moneybagg Yo - Motion God",https://www.youtube.com/watch?v=vAXnyqEpMsM,vAXnyqEpMsM,Diamond,0
"Moneybagg Yo - Ocean Spray",https://www.youtube.com/watch?v=7aJMZvhlF4o,7aJMZvhlF4o,Diamond,0
"Moneybagg Yo - Scorpio",https://www.youtube.com/watch?v=hwRPMByB7ag,hwRPMByB7ag,Diamond,0
"Moneybagg Yo - See Wat I'm Sayin",https://www.youtube.com/watch?v=JJMHI4f6d34,JJMHI4f6d34,Diamond,0
"Moneybagg Yo - Shottas (Lala)",https://www.youtube.com/watch?v=hOB2N1WVhzQ,hOB2N1WVhzQ,Diamond,0
"Moneybagg Yo - Time Today Trap",https://www.youtube.com/watch?v=s2QykVQM3iY,s2QykVQM3iY,Diamond,0
"Moneybagg Yo - U Played ft. Lil Baby",https://www.youtube.com/watch?v=u7WBYUy5V7E,u7WBYUy5V7E,Diamond,0
"Moneybagg Yo - Wockesha",https://www.youtube.com/watch?v=cOCKSMLiVlU,cOCKSMLiVlU,Diamond,0
"Moneybagg Yo & Future - Hard For The Next",https://www.youtube.com/watch?v=JlgPqcljWoQ,JlgPqcljWoQ,Diamond,0
"Moneybagg Yo & GloRilla - On Wat U On",https://www.youtube.com/watch?v=9zgN5AfIAsw,9zgN5AfIAsw,Diamond,0
"Moneybagg Yo, Lil Durk, EST Gee - Switches & Dracs",https://www.youtube.com/watch?v=nlKPm4_rMbQ,nlKPm4_rMbQ,Diamond,0
"Morgenshtern - Pososi",https://www.youtube.com/watch?v=AiSX7-kwsdY,AiSX7-kwsdY,Diamond,0
"Morgenshtern & Lil Pump - WATAFUK",https://www.youtube.com/watch?v=vWkFCzVmgfY,vWkFCzVmgfY,Diamond,0
"Morray - Never Fail ft. Benny The Butcher",https://www.youtube.com/watch?v=2kOeluViBJs,2kOeluViBJs,Diamond,0
"Morray - Trenches",https://www.youtube.com/watch?v=bvfXLXDX4gM,bvfXLXDX4gM,Diamond,0
"Mulatto - In n Out ft. City Girls",https://www.youtube.com/watch?v=fhizpkwtbBQ,fhizpkwtbBQ,Diamond,0
"Mulatto - Sex Lies ft. Lil Baby",https://www.youtube.com/watch?v=RcXal1rtcMY,RcXal1rtcMY,Diamond,0
"Mustard - Ballin' ft. Roddy Ricch",https://www.youtube.com/watch?v=e4RxeFjTn78,e4RxeFjTn78,Diamond,0
"Nardo Wick - Dah Dah DahDah",https://www.youtube.com/watch?v=bwNCp_NEGZM,bwNCp_NEGZM,Diamond,0
"Nardo Wick - Me or Sum ft. Future & Lil Baby",https://www.youtube.com/watch?v=AZah1jAPINU,AZah1jAPINU,Diamond,0
"Nardo Wick - Who Want Smoke ft. Lil Durk, 21 Savage & G Herbo",https://www.youtube.com/watch?v=6ubm_FaKd94,6ubm_FaKd94,Diamond,0
"NBA MeechyBaby & NBA Youngboy - Talk My Shit",https://www.youtube.com/watch?v=bHJ90I1_oG8,bHJ90I1_oG8,Diamond,0
"NBA Youngboy  - Fish Scale",https://www.youtube.com/watch?v=8u6XVW7Zy_g,8u6XVW7Zy_g,Diamond,0
"NBA Youngboy - 4 Sons of a King",https://www.youtube.com/watch?v=iCg2wzKYDZE,iCg2wzKYDZE,Diamond,0
"NBA YoungBoy - Around 2020",https://www.youtube.com/watch?v=dM1mZA2x9hQ,dM1mZA2x9hQ,Diamond,0
"NBA YoungBoy - Black Ball",https://www.youtube.com/watch?v=A7OqNHQF8ck,A7OqNHQF8ck,Diamond,0
"NBA YoungBoy - Break Or Make Me",https://www.youtube.com/watch?v=9i7yZnG1B-s,9i7yZnG1B-s,Diamond,0
"NBA Youngboy - Callin ft. Snoop Dogg",https://www.youtube.com/watch?v=Ykl7eHRqW9A,Ykl7eHRqW9A,Diamond,0
"NBA YoungBoy - Dirty Iyanna",https://www.youtube.com/watch?v=5DpErPYA3eU,5DpErPYA3eU,Diamond,0
"NBA YoungBoy - Fine By Time",https://www.youtube.com/watch?v=FbkOqk6z-i8,FbkOqk6z-i8,Diamond,0
"NBA YoungBoy - House Arrest Tingz",https://www.youtube.com/watch?v=u7CLOCdgjf0,u7CLOCdgjf0,Diamond,0
"NBA YoungBoy - I Ain't Scared",https://www.youtube.com/watch?v=2bwS7uBNNYM,2bwS7uBNNYM,Diamond,0
"NBA Youngboy - It Aint Over",https://www.youtube.com/watch?v=mQVslzxJLxU,mQVslzxJLxU,Diamond,0
"NBA YoungBoy - Kacey talk",https://www.youtube.com/watch?v=w5lJceKdac8,w5lJceKdac8,Diamond,0
"NBA YoungBoy - Life Support",https://www.youtube.com/watch?v=ehSHVyALy7Y,ehSHVyALy7Y,Diamond,0
"NBA Youngboy - Like A Jungle",https://www.youtube.com/watch?v=XJwvxxiucQ8,XJwvxxiucQ8,Diamond,0
"NBA YoungBoy - No Sleep",https://www.youtube.com/watch?v=f5BSzQz7VBc,f5BSzQz7VBc,Diamond,0
"NBA YoungBoy - On My Side",https://www.youtube.com/watch?v=_FSJWbnff4g,_FSJWbnff4g,Diamond,0
"NBA Youngboy - Peace Hardly",https://www.youtube.com/watch?v=72PvKmumnP4,72PvKmumnP4,Diamond,0
"NBA YoungBoy - Safe Then Sorry (Interlude)",https://www.youtube.com/watch?v=nOmdzSOsT9c,nOmdzSOsT9c,Diamond,0
"NBA Youngboy - Toxic Punk",https://www.youtube.com/watch?v=dGlPbuj6Wgg,dGlPbuj6Wgg,Diamond,0
"NBA YoungBoy - Toxic",https://www.youtube.com/watch?v=VGDr1HP8p8s,VGDr1HP8p8s,Diamond,0
"NBA YoungBoy - Vette Motors",https://www.youtube.com/watch?v=5FnSoWqrdNs,5FnSoWqrdNs,Diamond,0
"NBA YoungBoy - White Teeth",https://www.youtube.com/watch?v=WrAme-Jx8S8,WrAme-Jx8S8,Diamond,0
"NEIKED, Mae Muller, Polo G - Better Days",https://www.youtube.com/watch?v=zNAqYTnhlVE,zNAqYTnhlVE,Diamond,0
"NF - Clouds",https://www.youtube.com/watch?v=uzpalKnprcE,uzpalKnprcE,Diamond,0
"NF - HOPE",https://www.youtube.com/watch?v=e_dp4l5CzuY,e_dp4l5CzuY,Diamond,0
"NF - Leave Me Alone",https://www.youtube.com/watch?v=DvfS3NiJOnc,DvfS3NiJOnc,Diamond,0
"NF - The Search",https://www.youtube.com/watch?v=SE6jEfVd9zE,SE6jEfVd9zE,Diamond,0
"Nicki Minaj - Big Foot",https://www.youtube.com/watch?v=8lkCawsNVEI,8lkCawsNVEI,Diamond,0
"Nicki Minaj - Do We Have A Problem ft. Lil Baby",https://www.youtube.com/watch?v=-JP2WMp0PGw,-JP2WMp0PGw,Diamond,0
"Nicki Minaj - Yikes",https://www.youtube.com/watch?v=NYC5awF24Cw,NYC5awF24Cw,Diamond,0
"Nicki Minaj & Ice Spice - Barbie World",https://www.youtube.com/watch?v=R7sKQcKvL6o,R7sKQcKvL6o,Diamond,0
"Nicki Minaj, Drake, Lil Wayne - Seeing Green",https://www.youtube.com/watch?v=ekaSbj7JZPc,ekaSbj7JZPc,Diamond,0
"Nipsey Hussle - Victory Lap ft Stacy Barthe",https://www.youtube.com/watch?v=LiNVpYmjDag,LiNVpYmjDag,Diamond,0
"Nipsey Hussle & Jay-Z - What It Feels Like",https://www.youtube.com/watch?v=zVoZxA3Irv0,zVoZxA3Irv0,Diamond,0
"NLE Choppa - Bryson",https://www.youtube.com/watch?v=UAe38Uysmvo,UAe38Uysmvo,Diamond,0
"NLE Choppa - Champions",https://www.youtube.com/watch?v=EbzHfhXcQDg,EbzHfhXcQDg,Diamond,0
"NLE Choppa - Daydream",https://www.youtube.com/watch?v=zA85GytCjmw,zA85GytCjmw,Diamond,0
"NLE Choppa - Do It Again ft. 2Rare",https://www.youtube.com/watch?v=MUXMHWsUVFk,MUXMHWsUVFk,Diamond,0
"NLE Choppa - Drop Shit",https://www.youtube.com/watch?v=bWavvRRdkeg,bWavvRRdkeg,Diamond,0
"NLE Choppa - Jumpin ft. Polo G",https://www.youtube.com/watch?v=cJLw1qDiWQk,cJLw1qDiWQk,Diamond,0
"NLE Choppa - Mo Up Front",https://www.youtube.com/watch?v=80gCtZlsAPQ,80gCtZlsAPQ,Diamond,0
"NLE Choppa - Shotta Flow 5",https://www.youtube.com/watch?v=q1AGt9kwehw,q1AGt9kwehw,Diamond,0
"NLE Choppa - Shotta Flow 6",https://www.youtube.com/watch?v=qgSdKN7HTIE,qgSdKN7HTIE,Diamond,0
"NLE Choppa - Shotta Flow 7 FINAL",https://www.youtube.com/watch?v=VBXbJs5G1m4,VBXbJs5G1m4,Diamond,0
"NLE Choppa Type Beat - Shotta Flow",https://www.youtube.com/watch?v=6d9S0-3cFaA,6d9S0-3cFaA,Diamond,0
"NLE Choppa, Kodak Black, Jimin of BTS, JVKE & Muni Long - Angel Pt. 1",https://www.youtube.com/watch?v=smnfVKWgdBY,smnfVKWgdBY,Diamond,0
"NoCap - Outside",https://www.youtube.com/watch?v=hTIjsgkgwb8,hTIjsgkgwb8,Diamond,0
"NoCap - Vaccine",https://www.youtube.com/watch?v=WK30vtAxnyI,WK30vtAxnyI,Diamond,0
"Normani - Motivation",https://www.youtube.com/watch?v=ozQenOOx1Js,ozQenOOx1Js,Diamond,0
"Normani - Wild Side ft. Cardi B",https://www.youtube.com/watch?v=xBXl946TX6s,xBXl946TX6s,Diamond,0
"Offset - Clout ft Cardi B",https://www.youtube.com/watch?v=4fBt72-LbmA,4fBt72-LbmA,Diamond,0
"Offset - Red Room",https://www.youtube.com/watch?v=tYKOYRF8O90,tYKOYRF8O90,Diamond,0
"Offset - Say My Grace ft. Travis Scott",https://www.youtube.com/watch?v=KtFlQ_CZQVI,KtFlQ_CZQVI,Diamond,0
"Offset & Gunna - Different Species",https://www.youtube.com/watch?v=TwHnAaGLcB0,TwHnAaGLcB0,Gold,0
"Offset & JID - Bodies",https://www.youtube.com/watch?v=Sc4I88FemeI,Sc4I88FemeI,Gold,0
"Oldschool Rap Type Beat - Russian Kombat",https://www.youtube.com/watch?v=ftFTax9by0s,ftFTax9by0s,Diamond,0
"OMB Peezy - Big Homie ft. King Von & Jackboy",https://www.youtube.com/watch?v=jVZHHNiWQHk,jVZHHNiWQHk,Diamond,0
"Only The Family & Lil Durk - Hellcats & Trackhawks",https://www.youtube.com/watch?v=xAxXT1COVkM,xAxXT1COVkM,Diamond,0
"Ovi & Junior H - Te Extrano",https://www.youtube.com/watch?v=l_cGXNpvz5o,l_cGXNpvz5o,Diamond,0
"Ozuna & Doja Cat & Sia - Del Mar",https://www.youtube.com/watch?v=_lFWh7_VHpk,_lFWh7_VHpk,Diamond,0
"Pereponka & Buddy - Vis a Vis (Audio)",https://www.youtube.com/watch?v=tgjw04_mrPo,tgjw04_mrPo,Diamond,0
"Pereponka Beats - Soul Kitchen",https://www.youtube.com/watch?v=8qD4MBQBIIw,8qD4MBQBIIw,Diamond,0
"Pharrell & Travis Scott - Down In Atlanta",https://www.youtube.com/watch?v=dzLKwFdXel0,dzLKwFdXel0,Diamond,0
"Piano Rap Type Beat - Sorrow",https://www.youtube.com/watch?v=nQAeMbs3HW0,nQAeMbs3HW0,Diamond,0
"Piano Type Beat - Lion King",https://www.youtube.com/watch?v=gK0DXX0Zzag,gK0DXX0Zzag,Diamond,0
"Playboi Carti - @ MEH",https://www.youtube.com/watch?v=78yFXuSiK_M,78yFXuSiK_M,Diamond,0
"Playboi Carti - 2024",https://www.youtube.com/watch?v=OU2CPL_QXjA,OU2CPL_QXjA,Diamond,0
"Playboi Carti - ALL RED",https://www.youtube.com/watch?v=6fmy8wh7BF4,6fmy8wh7BF4,Diamond,0
"Playboi Carti - BACKR00MS ft. Travis Scott (Instrumental)",https://www.youtube.com/watch?v=8X4bhicVPmI,8X4bhicVPmI,Diamond,0
"Playboi Carti - FOMDJ (FL Studio Remake +  FLP)",https://www.youtube.com/watch?v=LHWqZV_9Txk,LHWqZV_9Txk,Diamond,0
"Playboi Carti - King Vamp 2020",https://www.youtube.com/watch?v=6VkoQ5qjYso,6VkoQ5qjYso,Diamond,0
"Playboi Carti - Vamp Anthem",https://www.youtube.com/watch?v=oWg9kFpU_KQ,oWg9kFpU_KQ,Diamond,0
"Playboi Carti & Travis Scott - PHILLY",https://www.youtube.com/watch?v=8ELP-yo-Brk,8ELP-yo-Brk,Diamond,0
"Playboi Carti ft. Kanye West - Go2DaMoon 2020",https://www.youtube.com/watch?v=J-kZJ4P0SKs,J-kZJ4P0SKs,Diamond,0
"PnB Rock - Rose Gold ft. King Von",https://www.youtube.com/watch?v=fFUHGNDMmL4,fFUHGNDMmL4,Diamond,0
"PnB Rock & DJ Luke Nasty - HIGH",https://www.youtube.com/watch?v=0HamHLfoxgo,0HamHLfoxgo,Diamond,0
"Polo G - Bad Man (Smooth Criminal)",https://www.youtube.com/watch?v=kE7bysor71E,kE7bysor71E,Diamond,0
"Polo G - Be Something ft. Lil Baby",https://www.youtube.com/watch?v=Y4kM2iz1zXw,Y4kM2iz1zXw,Diamond,0
"Polo G - Black Hearted",https://www.youtube.com/watch?v=jNevHARB0UI,jNevHARB0UI,Diamond,0
"Polo G - Bloody Canvas",https://www.youtube.com/watch?v=sh0Vm-WIjC8,sh0Vm-WIjC8,Diamond,0
"Polo G - Darkside",https://www.youtube.com/watch?v=NFBnzx6NjT8,NFBnzx6NjT8,Diamond,0
"Polo G - Distraction",https://www.youtube.com/watch?v=LSJiXkMfFcw,LSJiXkMfFcw,Diamond,0
"Polo G - Fortnight",https://www.youtube.com/watch?v=L231sFqLmZ4,L231sFqLmZ4,Diamond,0
"Polo G - GNF",https://www.youtube.com/watch?v=VuZAVOXvncM,VuZAVOXvncM,Diamond,0
"Polo G - Heating Up ft. YungLiV",https://www.youtube.com/watch?v=ORaQuy7cfyo,ORaQuy7cfyo,Diamond,0
"Polo G - My All",https://www.youtube.com/watch?v=koAJ8YKIYxI,koAJ8YKIYxI,Diamond,0
"Polo G - No Return ft. The Kid LAROI, Lil Durk",https://www.youtube.com/watch?v=V2lVub-DQ1g,V2lVub-DQ1g,Diamond,0
"Polo G - Party Lyfe ft. DaBaby",https://www.youtube.com/watch?v=JmqvVcNuycA,JmqvVcNuycA,Diamond,0
"Polo G - RAPSTAR",https://www.youtube.com/watch?v=UQ7i42_yEVA,UQ7i42_yEVA,Diamond,0
"Polo G - Unapologetic ft. NLE Choppa",https://www.youtube.com/watch?v=oNnYZixkF_Y,oNnYZixkF_Y,Diamond,0
"Polo G - Young N Dumb",https://www.youtube.com/watch?v=_1VsQR-td44,_1VsQR-td44,Diamond,0
"Polo G, Lil Wayne - GANG GANG",https://www.youtube.com/watch?v=TPjJs1bY0c8,TPjJs1bY0c8,Diamond,0
"Polo G, Stunna 4 Vegas & NLE Choppa ft. Mike Will Made It - Go Stupid",https://www.youtube.com/watch?v=a6ea_E2IRPU,a6ea_E2IRPU,Diamond,0
"Pooh Shiesty - Back In Blood ft. Lil Durk",https://www.youtube.com/watch?v=WNy4LjeGi1w,WNy4LjeGi1w,Diamond,0
"Pooh Shiesty - Guard Up",https://www.youtube.com/watch?v=WQccIFuCDyg,WQccIFuCDyg,Diamond,0
"Pooh Shiesty - Neighbors ft. Big 30 2021",https://www.youtube.com/watch?v=CIQU0j-PhtI,CIQU0j-PhtI,Diamond,0
"Pooh Shiesty - See Red",https://www.youtube.com/watch?v=wSUz946nu5A,wSUz946nu5A,Diamond,0
"Pooh Shiesty - Ugly feat. Gucci Mane",https://www.youtube.com/watch?v=VQF0r9yF7E4,VQF0r9yF7E4,Diamond,0
"Pop Smoke - AP",https://www.youtube.com/watch?v=XVnsMRZ3l9k,XVnsMRZ3l9k,Diamond,0
"Pop Smoke - Coupe",https://www.youtube.com/watch?v=sdXUUB1exYo,sdXUUB1exYo,Diamond,0
"Pop Smoke - For The Night ft. Lil Baby & Dababy",https://www.youtube.com/watch?v=UaW1OQm7jTE,UaW1OQm7jTE,Diamond,0
"Pop Smoke - Mood Swings ft. Lil Tjay",https://www.youtube.com/watch?v=63bB5o-wdi0,63bB5o-wdi0,Diamond,0
"Pop Smoke - Mr. Jones ft. Future",https://www.youtube.com/watch?v=q7y_I7VvRC8,q7y_I7VvRC8,Diamond,0
"Pop Smoke - The Woo ft. 50 Cent & Roddy Ricch",https://www.youtube.com/watch?v=XZwNaueeGdI,XZwNaueeGdI,Diamond,0
"Pop Smoke - Woo Baby ft. Chris Brown",https://www.youtube.com/watch?v=MWy9dA3FRzE,MWy9dA3FRzE,Diamond,0
"Pop Smoke x Lil Baby Type Beat - For The Night",https://www.youtube.com/watch?v=tdK00FqC8z0,tdK00FqC8z0,Diamond,0
"Post Malone - Goodbyes ft. Young Thug",https://www.youtube.com/watch?v=gzoe69k3iSI,gzoe69k3iSI,Diamond,0
"Post Malone - Motley Crew",https://www.youtube.com/watch?v=eEzYFga6NY4,eEzYFga6NY4,Diamond,0
"Post Malone - Take What You Want ft Ozzy Osbourne & Travis Scott",https://www.youtube.com/watch?v=ksyjKFloLwY,ksyjKFloLwY,Diamond,0
"Post Malone, The Weeknd - One Right Now",https://www.youtube.com/watch?v=0doEfBCaJfg,0doEfBCaJfg,Diamond,0
"Quando Rondo - Have You Ever",https://www.youtube.com/watch?v=AKcs9qggbdY,AKcs9qggbdY,Diamond,0
"Quando Rondo - Soul Reaper",https://www.youtube.com/watch?v=h_ZNiZD9LkE,h_ZNiZD9LkE,Diamond,0
"Quando Rondo & NBA YoungBoy - Loaded",https://www.youtube.com/watch?v=UtEGRyPl2jg,UtEGRyPl2jg,Diamond,0
"Quavo - Greatness",https://www.youtube.com/watch?v=pSAQLNaAvTQ,pSAQLNaAvTQ,Diamond,0
"Quavo - Honey Bun",https://www.youtube.com/watch?v=Q7OziERnKZU,Q7OziERnKZU,Diamond,0
"Quavo - Strub Tha Ground ft. Yung Miami",https://www.youtube.com/watch?v=tEoMoftI57Y,tEoMoftI57Y,Diamond,0
"Quavo - WITHOUT YOU",https://www.youtube.com/watch?v=rChITndhET0,rChITndhET0,Diamond,0
"Quavo & Future - Turn Your Clic Up",https://www.youtube.com/watch?v=jpRJhCTNZow,jpRJhCTNZow,Diamond,0
"Quavo & Takeoff - Hotel Lobby",https://www.youtube.com/watch?v=NHQSAdVx2jo,NHQSAdVx2jo,Diamond,0
"Quavo & Takeoff - Messy",https://www.youtube.com/watch?v=AoulcT77eDg,AoulcT77eDg,Diamond,0
"Quavo & Takeoff - Nothing Changed",https://www.youtube.com/watch?v=5vvV7z-6HpY,5vvV7z-6HpY,Diamond,0
"Quavo & Takeoff - Us vs. Them ft. Gucci Mane",https://www.youtube.com/watch?v=xUwweqBea_4,xUwweqBea_4,Diamond,0
"Queen Naija - Lie To Me ft. Lil Durk",https://www.youtube.com/watch?v=Ny1yJB9cA7w,Ny1yJB9cA7w,Diamond,0
"Queen Naija & Ari Lennox - Set Him Up",https://www.youtube.com/watch?v=ktiPnl2tFGI,ktiPnl2tFGI,Diamond,0
"R&B Sampled Type Beat - Pullin",https://www.youtube.com/watch?v=Js41o8cWKis,Js41o8cWKis,Diamond,0
"R&B Soul Type Beat - Flamingo",https://www.youtube.com/watch?v=4vjIRsJZCZ0,4vjIRsJZCZ0,Diamond,0
"R&B Soul Type Beat - Stranger",https://www.youtube.com/watch?v=JWtxgJZC9eI,JWtxgJZC9eI,Diamond,0
"R&B Type Beat - August",https://www.youtube.com/watch?v=28f2gOCrxXc,28f2gOCrxXc,Diamond,0
"R&B Type Beat - Breeze",https://www.youtube.com/watch?v=ord6BaY67RQ,ord6BaY67RQ,Diamond,0
"R&B Type Beat - Despair",https://www.youtube.com/watch?v=UD9kiLwO_Go,UD9kiLwO_Go,Diamond,0
"R&B Type Beat - Seduction",https://www.youtube.com/watch?v=0krJjlH53uI,0krJjlH53uI,Diamond,0
"Rap Type Beat - All of Me",https://www.youtube.com/watch?v=RLig7_e5Oeg,RLig7_e5Oeg,Diamond,0
"Rap Type Beat - Don't Cough on Me",https://www.youtube.com/watch?v=MwFo3Tml2CA,MwFo3Tml2CA,Diamond,0
"Rap Type Beat - Focused",https://www.youtube.com/watch?v=VO8OQj_wL-s,VO8OQj_wL-s,Diamond,0
"Rap Type Beat - Ronin",https://www.youtube.com/watch?v=xYxmxrLuMlE,xYxmxrLuMlE,Diamond,0
"Real Boston Richey ft. Lil Durk - Keep Dissing 2",https://www.youtube.com/watch?v=HdawTtTfEVQ,hdawTtTfEVQ,Diamond,0
"Rich Dunk - Demon ft. DaBaby",https://www.youtube.com/watch?v=o9u-hyy2FD4,o9u-hyy2FD4,Diamond,0
"Rick Ross - Champagne Moments",https://www.youtube.com/watch?v=dvWBnnq4QqM,dvWBnnq4QqM,Diamond,0
"Rick Ross - Outlawz ft. 21 Savage & Jazmine Sullivan",https://www.youtube.com/watch?v=QWu2nj4ROx8,QWu2nj4ROx8,Diamond,0
"Rick Ross & August Alsina - Entanglements",https://www.youtube.com/watch?v=KoLPNHc14oc,KoLPNHc14oc,Diamond,0
"Rick Ross & Meek Mill - Lyrical Eazy",https://www.youtube.com/watch?v=WgwqpuEKdbk,WgwqpuEKdbk,Diamond,0
"Rio Da Yung Og - RIO FREE",https://www.youtube.com/watch?v=l7Vqbp-Aemc,l7Vqbp-Aemc,Diamond,0
"Rod Wave - Alone",https://www.youtube.com/watch?v=w6ypr96mODA,w6ypr96mODA,Diamond,0
"Rod Wave - Fight The Feeling",https://www.youtube.com/watch?v=cqQHOp5LyQ4,cqQHOp5LyQ4,Diamond,0
"Rod Wave - Richer ft. Polo G",https://www.youtube.com/watch?v=2e5JtLBYF7c,2e5JtLBYF7c,Diamond,0
"Rod Wave - SoulFly",https://www.youtube.com/watch?v=VI5gDU-Y86s,VI5gDU-Y86s,Diamond,0
"Rod Wave - Stone Rolling",https://www.youtube.com/watch?v=l7862NkGcdI,l7862NkGcdI,Diamond,0
"Rod Wave - Street Runner",https://www.youtube.com/watch?v=oNResXipqx0,oNResXipqx0,Diamond,0
"Roddy Ricch - 25 million",https://www.youtube.com/watch?v=qP2oP7V1iQg,qP2oP7V1iQg,Diamond,0
"Roddy Ricch - Aston Martin Truck",https://www.youtube.com/watch?v=yRP5AjI5LWk,yRP5AjI5LWk,Diamond,0
"Roddy Ricch - Boom Boom Room",https://www.youtube.com/watch?v=9_L5YtwUJck,9_L5YtwUJck,Diamond,0
"Roddy Ricch - Hibachi ft. Kodak Black & 21 Savage",https://www.youtube.com/watch?v=9cHgC__ExbE,9cHgC__ExbE,Diamond,0
"Roddy Ricch - Late At Night",https://www.youtube.com/watch?v=OoFdNa2iDmg,OoFdNa2iDmg,Diamond,0
"Roddy Ricch - Rollercoastin",https://www.youtube.com/watch?v=4m17Cge0N9Y,4m17Cge0N9Y,Diamond,0
"Roddy Ricch - Start Wit Me ft. Gunna",https://www.youtube.com/watch?v=slBQH_0x4MQ,slBQH_0x4MQ,Diamond,0
"Roddy Ricch - The Box",https://www.youtube.com/watch?v=n8y3bhdtdMg,n8y3bhdtdMg,Diamond,0
"Roddy Ricch - Tip Toe ft. A Boogie Wit Da Hoodie",https://www.youtube.com/watch?v=QbaJILS8AdE,QbaJILS8AdE,Diamond,0
"Rojay - Self Esteem",https://www.youtube.com/watch?v=7bni4vyTiMI,7bni4vyTiMI,Diamond,0
"Rosalia & Ozuna - Yo x Ti, Tu x Mi",https://www.youtube.com/watch?v=9WakhTt0dfE,9WakhTt0dfE,Diamond,0
"Russ - 3:15 (Breathe)",https://www.youtube.com/watch?v=iFcd-Vl6rsA,iFcd-Vl6rsA,Diamond,0
"Russ - MISUNDERSTOOD",https://www.youtube.com/watch?v=7gl8U4w5yIo,7gl8U4w5yIo,Diamond,0
"Russ - Nothin I Won't Do",https://www.youtube.com/watch?v=eeNfEzuA5o0,eeNfEzuA5o0,Diamond,0
"Russ - UGLY ft. Lil Baby",https://www.youtube.com/watch?v=hq56FwkSWvE,hq56FwkSWvE,Diamond,0
"Sad Trap Beat - Eva",https://www.youtube.com/watch?v=cb6oOePFQC0,cb6oOePFQC0,Diamond,0
"Sad Type Beat - Deepest Ocean",https://www.youtube.com/watch?v=vubZYnJfRcQ,vubZYnJfRcQ,Diamond,0
"Sad Type Beat - Isolation",https://www.youtube.com/watch?v=zyz2rv-OiGo,zyz2rv-OiGo,Diamond,0
"Sam Smith - How Do You Sleep",https://www.youtube.com/watch?v=erYiiFj6gNE,erYiiFj6gNE,Diamond,0
"Sample Rap Type Beat - Changes",https://www.youtube.com/watch?v=i6eEOBrRIFc,i6eEOBrRIFc,Diamond,0
"Sample Type Beat - Don't Do It",https://www.youtube.com/watch?v=B8nsGKlqDlA,B8nsGKlqDlA,Diamond,0
"Sample Type Beat - Owe Me",https://www.youtube.com/watch?v=PPN-R8qrpnk,PPN-R8qrpnk,Diamond,0
"Saweetie - Back to the Streets ft. Jhene Aiko R&B",https://www.youtube.com/watch?v=dVhg6SaKolY,dVhg6SaKolY,Diamond,0
"Saweetie - Best Friend ft. Doja Cat",https://www.youtube.com/watch?v=o-_4HcAlwYY,o-_4HcAlwYY,Diamond,0
"Saweetie - Closer ft. H.E.R.",https://www.youtube.com/watch?v=JI7MRsnxsxc,JI7MRsnxsxc,Diamond,0
"Saweetie - Fast (Motion)",https://www.youtube.com/watch?v=f74zqLx_3wE,f74zqLx_3wE,Diamond,0
"Selena Gomez - Lose You To Love Me",https://www.youtube.com/watch?v=BDesuDEB9hQ,BDesuDEB9hQ,Diamond,0
"Shawn Mendes - If I Can't Have You",https://www.youtube.com/watch?v=M-niXyHpz3E,M-niXyHpz3E,Diamond,0
"Shawn Mendes - Teach Me How To Love 2020",https://www.youtube.com/watch?v=w5q6ezhnSE0,w5q6ezhnSE0,Diamond,0
"Shawn Mendes & Camila Cabello - Senorita",https://www.youtube.com/watch?v=Z1-ZFwi-VOM,Z1-ZFwi-VOM,Diamond,0
"Shawn Mendes & Justin Bieber - Monster",https://www.youtube.com/watch?v=Zi2Uv7_bOvw,Zi2Uv7_bOvw,Diamond,0
"Skrillex, Justin Bieber & Don Toliver - Don't Go",https://www.youtube.com/watch?v=03D4UgX4y4Y,03D4UgX4y4Y,Diamond,0
"Skylar Grey - Last One Standing ft. Polo G, Mozzy & Eminem",https://www.youtube.com/watch?v=a709dTeN7Ck,a709dTeN7Ck,Diamond,0
"Snoop Dogg - Countdown ft Swizz Beatz",https://www.youtube.com/watch?v=_o998Vw9jfo,_o998Vw9jfo,Diamond,0
"Snoop Dogg - Focused",https://www.youtube.com/watch?v=johhXJjKEZ0,johhXJjKEZ0,Diamond,0
"Snoop Dogg - House I Built",https://www.youtube.com/watch?v=JBxmpnUbHuI,JBxmpnUbHuI,Diamond,0
"Snoop Dogg - One Blood One Cuzz ft DJ Battlecat",https://www.youtube.com/watch?v=g1VqHcPJhYU,g1VqHcPJhYU,Diamond,0
"Snoop Dogg - Roaches In My Ashtray ft. ProHoeZa",https://www.youtube.com/watch?v=NLiWDmucCWE,NLiWDmucCWE,Diamond,0
"Snoop Dogg, Blxst - Go To War",https://www.youtube.com/watch?v=n7z7-N5C1BQ,n7z7-N5C1BQ,Diamond,0
"SoFaygo - Knock Knock",https://www.youtube.com/watch?v=EKJJJ9x5BeM,EKJJJ9x5BeM,Diamond,0
"Southside & Future - Hold That Heat ft. Travis Scott",https://www.youtube.com/watch?v=-06tceebReE,-06tceebReE,Diamond,0
"SSGKobe - Calabasas ft. $NOT",https://www.youtube.com/watch?v=EbO2Ec9fmKY,EbO2Ec9fmKY,Diamond,0
"Steve Lacy - Bad Habit",https://www.youtube.com/watch?v=R2u70wtP048,R2u70wtP048,Diamond,0
"Stormzy - Own It ft. Ed Sheeran & Burna Boy",https://www.youtube.com/watch?v=UBQsm1-Hd_c,UBQsm1-Hd_c,Diamond,0
"Stormzy - Superheroes",https://www.youtube.com/watch?v=0BeugkMcY6I,0BeugkMcY6I,Diamond,0
"Stormzy - Wiley Flow",https://www.youtube.com/watch?v=gwOu_FRDdtc,gwOu_FRDdtc,Diamond,0
"Stunna 4 Vegas ft. Ola Runt - Play U Lay 2020",https://www.youtube.com/watch?v=5pSYaETS4Mw,5pSYaETS4Mw,Diamond,0
"Sub Urban & Bella Poarch - INFERNO",https://www.youtube.com/watch?v=w9vyzmP9fYQ,w9vyzmP9fYQ,Diamond,0
"Summer Walker - Body",https://www.youtube.com/watch?v=U_mq0eSri7E,U_mq0eSri7E,Diamond,0
"Summer Walker - No Love ft. SZA",https://www.youtube.com/watch?v=d3bZTpMcwv4,d3bZTpMcwv4,Diamond,0
"SZA - Good Days",https://www.youtube.com/watch?v=jIE6xR18qJg,jIE6xR18qJg,Diamond,0
"SZA - I Hate U",https://www.youtube.com/watch?v=40phgG5-IJg,40phgG5-IJg,Diamond,0
"SZA - Kill Bill",https://www.youtube.com/watch?v=WRfaBqj6asQ,WRfaBqj6asQ,Diamond,0
"SZA Type Beat - Try Me",https://www.youtube.com/watch?v=EELWpW4pRgM,EELWpW4pRgM,Gold,0
"SZA, The Weeknd, Travis Scott - Power Is Power",https://www.youtube.com/watch?v=ZUommaibklU,ZUommaibklU,Diamond,0
"T.I. - Thank God ft. 21 Savage",https://www.youtube.com/watch?v=Vcj4pudNiJc,Vcj4pudNiJc,Diamond,0
"Tech N9ne - Face Off ft. Joey Cool, King Iso & Dwayne Johnson",https://www.youtube.com/watch?v=R_yRj5sa_uI,R_yRj5sa_uI,Diamond,0
"Tee Grizzley - Blow for Blow ft. J. Cole",https://www.youtube.com/watch?v=8YTDqTcMrs8,8YTDqTcMrs8,Diamond,0
"Tee Grizzley - Tez & Tone 1",https://www.youtube.com/watch?v=iy6exzWdJF8,iy6exzWdJF8,Diamond,0
"Teyana Taylor - Gonna love me",https://www.youtube.com/watch?v=PSOimdMPAyA,PSOimdMPAyA,Diamond,0
"Teyana Taylor & Kehlani - Morning",https://www.youtube.com/watch?v=Dx6M58CuqVg,Dx6M58CuqVg,Diamond,0
"The Game & Kanye West - Eazy",https://www.youtube.com/watch?v=5Po0BAlm9F4,5Po0BAlm9F4,Diamond,0
"The Kid LAROI - Diva ft. Lil Tecca",https://www.youtube.com/watch?v=bM3Iw4PS3v4,bM3Iw4PS3v4,Diamond,0
"The Kid LAROI - Not Sober ft. Polo G, Stunna Gambino",https://www.youtube.com/watch?v=UZWKCycGRvk,UZWKCycGRvk,Diamond,0
"The Kid LAROi - So Done",https://www.youtube.com/watch?v=s-WvgfmIatU,s-WvgfmIatU,Diamond,0
"The Kid LAROI - Tragic ft. NBA Youngboy & Internet Money",https://www.youtube.com/watch?v=YAvkEYIXOhs,YAvkEYIXOhs,Diamond,0
"The Kid LAROI & Justin Bieber - Stay",https://www.youtube.com/watch?v=vo1cHrnZxrE,vo1cHrnZxrE,Diamond,0
"The Weeknd - After Hours",https://www.youtube.com/watch?v=8j_Lig4JbYI,8j_Lig4JbYI,Diamond,0
"The Weeknd - Blinding Lights",https://www.youtube.com/watch?v=7SbyZN7aB8w,7SbyZN7aB8w,Diamond,4
"The Weeknd - Die For You",https://www.youtube.com/watch?v=mR6UDzqSdKA,mR6UDzqSdKA,Diamond,8
"The Weeknd - In Your Eyes",https://www.youtube.com/watch?v=tvjv3j8FtBU,tvjv3j8FtBU,Diamond,0
"The Weeknd - Is There Someone Else",https://www.youtube.com/watch?v=KcSnPofhFAQ,KcSnPofhFAQ,Diamond,0
"The Weeknd - Sacrifice",https://www.youtube.com/watch?v=n0ymE9h44JU,n0ymE9h44JU,Diamond,0
"The Weeknd - Save Your Tears",https://www.youtube.com/watch?v=lw9tEwphx3s,lw9tEwphx3s,Diamond,0
"The Weeknd - Take My Breath",https://www.youtube.com/watch?v=v0HJkWOdX0g,v0HJkWOdX0g,Diamond,0
"The Weeknd & Future - Double Fantasy",https://www.youtube.com/watch?v=ra5ZJCjez90,ra5ZJCjez90,Diamond,0
"The Weeknd Type Beat - Don't Fear",https://www.youtube.com/watch?v=fecb4B5_120,fecb4B5_120,Diamond,0
"The Weeknd Type Beat - GГјzel",https://www.youtube.com/watch?v=zzPnsO49meg,zzPnsO49meg,Diamond,0
"Timati - AMG ft L'One",https://www.youtube.com/watch?v=t9bJi-JXYO8,t9bJi-JXYO8,Diamond,0
"Toosii - Favorite Song",https://www.youtube.com/watch?v=0g0QSq9ENxs,0g0QSq9ENxs,Diamond,0
"Toosii - Heart Cold",https://www.youtube.com/watch?v=ucDcuZYoT5E,ucDcuZYoT5E,Diamond,0
"Toosii & 21 Savage - Pull Up",https://www.youtube.com/watch?v=rghKUFkPv28,rghKUFkPv28,Diamond,0
"Tory Lanez - And This Is Just The Intro",https://www.youtube.com/watch?v=csr1Om66gZw,csr1Om66gZw,Diamond,0
"Tory Lanez - Broke Leg ft Quavo & Tyga",https://www.youtube.com/watch?v=SzqtWsK2Ehk,SzqtWsK2Ehk,Diamond,0
"Tory Lanez - Don Queen Don Q Diss",https://www.youtube.com/watch?v=26IvRbkpnSk,26IvRbkpnSk,Diamond,0
"Tory Lanez - Feels ft. Chris Brown",https://www.youtube.com/watch?v=SYnjDb0kEIk,SYnjDb0kEIk,Diamond,0
"Tory Lanez - Motorboat",https://www.youtube.com/watch?v=bJxFuXQ9ut4,bJxFuXQ9ut4,Diamond,0
"Tory Lanez - SKAT ft. DaBaby",https://www.youtube.com/watch?v=pqHDJU1oZv4,pqHDJU1oZv4,Diamond,0
"Tory Lanez - The Most High",https://www.youtube.com/watch?v=DxcWQfFnwNI,DxcWQfFnwNI,Diamond,0
"Trap Soul Type Beat - Hallucinate",https://www.youtube.com/watch?v=MZ46lEUf270,MZ46lEUf270,Diamond,0
"Trap Soul Type Beat - No Bullsh*t",https://www.youtube.com/watch?v=vZXrczEFJDM,vZXrczEFJDM,Diamond,0
"Trap Soul Type Beat - No regret",https://www.youtube.com/watch?v=bKBJHeVkcQ0,bKBJHeVkcQ0,Diamond,0
"Trap Soul Type Beat - Opposition",https://www.youtube.com/watch?v=6JhGD-2Cm_E,6JhGD-2Cm_E,Diamond,0
"Trap Type Beat - Autumn",https://www.youtube.com/watch?v=G1jqH6ZFh6I,G1jqH6ZFh6I,Diamond,0
"Trap Type Beat - Corona",https://www.youtube.com/watch?v=irWAS-9UpY0,irWAS-9UpY0,Diamond,0
"Trap Type Beat - Quarantine",https://www.youtube.com/watch?v=sLG9ArOvMoo,sLG9ArOvMoo,Diamond,0
"Trap Type Beat - Too much Ice",https://www.youtube.com/watch?v=Pe8yqhFHh4Q,Pe8yqhFHh4Q,Diamond,0
"Trap Type Beat - Vaccine",https://www.youtube.com/watch?v=BXzUbD0szWY,BXzUbD0szWY,Diamond,0
"Travis Scott - 4X4",https://www.youtube.com/watch?v=Qfr1WpAfCFM,Qfr1WpAfCFM,Diamond,0
"Travis Scott - Can't say",https://www.youtube.com/watch?v=ESUp-Wl3xZY,ESUp-Wl3xZY,Diamond,0
"Travis Scott - Drugs You Should Try It",https://www.youtube.com/watch?v=9CuO4kXgHxE,9CuO4kXgHxE,Diamond,0
"Travis Scott - DUMBO",https://www.youtube.com/watch?v=_029THsKQmI,_029THsKQmI,Gold,0
"Travis Scott - ESCAPE PLAN",https://www.youtube.com/watch?v=_ZtvhbISp8s,_ZtvhbISp8s,Diamond,0
"Travis Scott - FE!N ft. Playboi Carti",https://www.youtube.com/watch?v=uMceEYJ0g3Y,uMceEYJ0g3Y,Diamond,0
"Travis Scott - Franchise ft. Young Thug & M.I.A",https://www.youtube.com/watch?v=c8sVp6IACSw,c8sVp6IACSw,Diamond,0
"Travis Scott - GOD'S COUNTRY",https://www.youtube.com/watch?v=efon5SMhuK0,efon5SMhuK0,Diamond,0
"Travis Scott - Highest in the room",https://www.youtube.com/watch?v=xGmquM2RnX0,xGmquM2RnX0,Diamond,0
"Travis Scott - I KNOW ?",https://www.youtube.com/watch?v=YF9xB2rxH_M,YF9xB2rxH_M,Diamond,0
"Travis Scott - MAFIA",https://www.youtube.com/watch?v=FArjjm_8I1A,FArjjm_8I1A,Diamond,0
"Travis Scott - MELTDOWN ft. Drake",https://www.youtube.com/watch?v=NMwhHvr_8yk,NMwhHvr_8yk,Diamond,0
"Travis Scott - THANK GOD",https://www.youtube.com/watch?v=gN3RMN-73-g,gN3RMN-73-g,Diamond,0
"Travis Scott & Kid Cudi - The Scotts",https://www.youtube.com/watch?v=EmsosqId-p0,EmsosqId-p0,Diamond,0
"Travis Scott Type Beat - Franchise",https://www.youtube.com/watch?v=7sX7byBg8yk,7sX7byBg8yk,Diamond,0
"Trippie Redd - #SDWL",https://www.youtube.com/watch?v=OpDebWXrgfg,OpDebWXrgfg,Diamond,0
"Trippie Redd - Betrayal ft. Drake",https://www.youtube.com/watch?v=l829HAJ7G_8,l829HAJ7G_8,Diamond,0
"Trippie Redd - Big 14 ft. Offset & Moneybagg Yo",https://www.youtube.com/watch?v=lBF22Kq0HSs,lBF22Kq0HSs,Diamond,0
"Trippie Redd - DARK BROTHERHOOD ft. Lil Baby",https://www.youtube.com/watch?v=wEzniA06QKs,wEzniA06QKs,Diamond,0
"Trippie Redd - Holy Smokes ft. Lil Uzi Vert",https://www.youtube.com/watch?v=lgB6obkRkUs,lgB6obkRkUs,Diamond,0
"Trippie Redd - I Got You ft. Busta Rhymes",https://www.youtube.com/watch?v=1h-vuIVL24w,1h-vuIVL24w,Diamond,0
"Trippie Redd - MANSION MUSIK",https://www.youtube.com/watch?v=ULvOxLTlyHc,ULvOxLTlyHc,Diamond,0
"Trippie Redd - Matt Hardy ft. Juice WRLD",https://www.youtube.com/watch?v=auket3eGZKM,auket3eGZKM,Diamond,0
"Trippie Redd - Miss The Rage ft. Playboi Carti",https://www.youtube.com/watch?v=Jq9WrxEq56U,Jq9WrxEq56U,Diamond,0
"Trippie Redd & PARTYNEXTDOOR - Excitement",https://www.youtube.com/watch?v=6XRbg1Yut0I,6XRbg1Yut0I,Diamond,0
"Ty Dolla $ign - By Yourself ft. Bryson Tiller, JhenР“В© Aiko & Mustard",https://www.youtube.com/watch?v=_yRm_rhhRn8,_yRm_rhhRn8,Diamond,0
"Ty Dolla $ign - Expensive ft. Nicki Minaj",https://www.youtube.com/watch?v=1IKYQkOZCJQ,1IKYQkOZCJQ,Diamond,0
"Ty Dolla $ign - Spicy ft. Post Malone",https://www.youtube.com/watch?v=TGUGh_DMjdM,TGUGh_DMjdM,Diamond,0
"Ty Dolla Sign - Real Life ft. Roddy Ricch & Mustard",https://www.youtube.com/watch?v=wA-UxjtJGUo,wA-UxjtJGUo,Diamond,0
"Tyga - Ayy Macarena",https://www.youtube.com/watch?v=wvT1m9irFxw,wvT1m9irFxw,Diamond,0
"Tyga - Nigo N Beverly Hills",https://www.youtube.com/watch?v=TBHVLBPn850,TBHVLBPn850,Diamond,0
"Tyga & Doja Cat - Freaky Deaky",https://www.youtube.com/watch?v=8bjKRx0gfF0,8bjKRx0gfF0,Diamond,0
"Tyga, YG, Santana - MAMACITA",https://www.youtube.com/watch?v=G9LxHfyslig,G9LxHfyslig,Diamond,0
"Tyler, The Creator - DOGTOOTH",https://www.youtube.com/watch?v=7u3Mm6IFuyA,7u3Mm6IFuyA,Diamond,0
"Tyler, The Creator - Sucka Free",https://www.youtube.com/watch?v=43nmTfpiWIY,43nmTfpiWIY,Gold,0
"Tyler, The Creator - WHARF TALK",https://www.youtube.com/watch?v=meMlHKowY34,meMlHKowY34,Diamond,0
"Uncle Murda - Rap Up 2021",https://www.youtube.com/watch?v=oiKpu3z25nM,oiKpu3z25nM,Diamond,0
"Underground Rap Type Beat - Gangster shit",https://www.youtube.com/watch?v=E6Vwui9KSQE,E6Vwui9KSQE,Diamond,0
"Wiz Khalifa - Aint Shit Free",https://www.youtube.com/watch?v=NK6ycL6xJmQ,NK6ycL6xJmQ,Diamond,0
"Wiz Khalifa & Curren$y - The Life",https://www.youtube.com/watch?v=NcbhRBgsaeg,NcbhRBgsaeg,Diamond,0
"XXXTentacion - Ex Bitch",https://www.youtube.com/watch?v=0gEps-JjBvU,0gEps-JjBvU,Diamond,0
"XXXTentacion - Hearteater",https://www.youtube.com/watch?v=Zv3E75IY5HY,Zv3E75IY5HY,Diamond,0
"XXXTentacion - Sauce",https://www.youtube.com/watch?v=JjjrAk_gbok,JjjrAk_gbok,Diamond,0
"XXXTentacion & Kanye West - True Love",https://www.youtube.com/watch?v=CgfjYVtqHlc,CgfjYVtqHlc,Diamond,0
"Yeat - Bigger then everything",https://www.youtube.com/watch?v=0lyzV_7uJtY,0lyzV_7uJtY,Diamond,0
"YFN Lucci - ON MY MIND",https://www.youtube.com/watch?v=aWmm2qEjymE,aWmm2qEjymE,Gold,0
"YG, Mozzy - Bompton to Oak Park",https://www.youtube.com/watch?v=mj-MqnyRPKE,mj-MqnyRPKE,Diamond,0
"YG, Tyga, 21 Savage - Run ft. BIA",https://www.youtube.com/watch?v=n__9ikHbAv4,n__9ikHbAv4,Diamond,0
"YNW BSlime - Gucci Belt",https://www.youtube.com/watch?v=FeYNU7WMcjM,FeYNU7WMcjM,Diamond,0
"YNW Melly - City Girls",https://www.youtube.com/watch?v=kzCE2Cf_ZJ0,kzCE2Cf_ZJ0,Diamond,0
"YNW Melly - Mind of Melvin ft. Lil Uzi Vert",https://www.youtube.com/watch?v=IqgoJGDdqzI,IqgoJGDdqzI,Diamond,0
"YNW Melly ft Kanye West - Mixed Personalities",https://www.youtube.com/watch?v=NEmeLfOjj0w,NEmeLfOjj0w,Diamond,0
"Yo Gotti, Moneybagg Yo, 42 Dugg, EST Gee - Steppas",https://www.youtube.com/watch?v=wkwaCsWE2HY,wkwaCsWE2HY,Diamond,0
"Young Dolph - Hall of Fame",https://www.youtube.com/watch?v=AF7YWmWQP-8,AF7YWmWQP-8,Diamond,0
"Young Dolph - Tric Or Treat",https://www.youtube.com/watch?v=0yuXvU7PJkk,0yuXvU7PJkk,Diamond,0
"Young Dolph & Key Glock - Water on Water on Water",https://www.youtube.com/watch?v=45IPGtUEJRA,45IPGtUEJRA,Diamond,0
"Young Dolph, Key Glock - RAIN RAIN",https://www.youtube.com/watch?v=ZUfcVZMLT-A,ZUfcVZMLT-A,Diamond,0
"Young M.A - Thumperz",https://www.youtube.com/watch?v=3-Z1S0NE9Mk,3-Z1S0NE9Mk,Gold,0
"Young Thug - Droppin Jewels",https://www.youtube.com/watch?v=uJyUKL4Ua7U,uJyUKL4Ua7U,Diamond,0
"Young Thug - Hop Off a Jet ft. Travis Scott",https://www.youtube.com/watch?v=jaSEErsFlCU,jaSEErsFlCU,Diamond,0
"Young Thug - Money On Money ft. Future",https://www.youtube.com/watch?v=cRelMBk8ojY,cRelMBk8ojY,Diamond,0
"Young Thug - Oh U Went ft. Drake",https://www.youtube.com/watch?v=MSIuuZ0sfog,MSIuuZ0sfog,Diamond,0
"Young Thug - Real ft. Unfoonk",https://www.youtube.com/watch?v=qelvKhYNHtE,qelvKhYNHtE,Diamond,0
"Young Thug - Road Rage",https://www.youtube.com/watch?v=pDbIqAHD0lE,pDbIqAHD0lE,Diamond,0
"Young Thug - The London ft J. Cole & Travis Scott",https://www.youtube.com/watch?v=_ul4zobvAd0,_ul4zobvAd0,Diamond,0
"Young Thug & Gunna - Diamonds Dancing ft. Travis Scott",https://www.youtube.com/watch?v=WLig7sKnegg,WLig7sKnegg,Diamond,0
"Young Thug & Gunna - Ski",https://www.youtube.com/watch?v=enrTzJET2ik,enrTzJET2ik,Diamond,0
"Young Thug & Gunna - Solid ft. Drake",https://www.youtube.com/watch?v=elzWVzfwVTE,elzWVzfwVTE,Diamond,0
"YoungBoy Never Broke Again - Carter Son",https://www.youtube.com/watch?v=XAcKV8nacSc,XAcKV8nacSc,Diamond,0
"YoungBoy Never Broke Again - Lonely Child",https://www.youtube.com/watch?v=G5AMv_pe3mw,G5AMv_pe3mw,Diamond,0
"YoungBoy Never Broke Again - Self Control",https://www.youtube.com/watch?v=BI6oPpcll-k,BI6oPpcll-k,Diamond,0
"Yung Bleu - You're Mines Still ft. Drake",https://www.youtube.com/watch?v=lx1pcLF8Xy8,lx1pcLF8Xy8,Diamond,0
"Yung Bleu & Kehlani - Beautiful Lies",https://www.youtube.com/watch?v=bI0nQRqVZls,bI0nQRqVZls,Diamond,0
"Yung Bleu, Chris Brown & 2 Chainz - Baddest",https://www.youtube.com/watch?v=KOGlWnYTTiM,KOGlWnYTTiM,Diamond,0
"Yungeen Ace - Game Over",https://www.youtube.com/watch?v=e5Fyxxs060E,e5Fyxxs060E,Diamond,0
"Zayn - Better",https://www.youtube.com/watch?v=iNelJzuZNk8,iNelJzuZNk8,Diamond,0
